{
"skeleton": {
	"hash": "nS1vReToGai9zXRcBMXKz848WHM",
	"spine": "2.0.22",
	"width": 167,
	"height": 375,
	"images": "/Users/wangsiyu/Desktop/ /单词游戏/第一关/贝贝动画/bbzhuanquan"
},
"bones": [
	{ "name": "root" }
],
"slots": [
	{ "name": "bb_zhuanquan_1", "bone": "root", "attachment": "bb_zhuanquan_8" }
],
"skins": {
	"default": {
		"bb_zhuanquan_1": {
			"bb_zhuanquan_1": { "y": 188, "width": 167, "height": 375 },
			"bb_zhuanquan_2": { "x": 26.66, "y": 176.37, "width": 210, "height": 344 },
			"bb_zhuanquan_3": { "x": 5.86, "y": 175.73, "width": 202, "height": 343 },
			"bb_zhuanquan_4": { "x": -2.93, "y": 174.77, "width": 178, "height": 341 },
			"bb_zhuanquan_5": { "x": 3.03, "y": 184.67, "width": 163, "height": 362 },
			"bb_zhuanquan_6": { "x": -4.06, "y": 188.33, "width": 177, "height": 368 },
			"bb_zhuanquan_7": { "x": -2.03, "y": 186.1, "width": 169, "height": 363 },
			"bb_zhuanquan_8": { "x": -34.52, "y": 180.96, "width": 229, "height": 353 },
			"bb_zhuanquan_52": { "path": "bb_zhuanquan_5", "x": -14.21, "y": 184.47, "scaleX": -1, "width": 163, "height": 362 }
		}
	}
},
"animations": {
	"animation": {
		"slots": {
			"bb_zhuanquan_1": {
				"attachment": [
					{ "time": 0, "name": "bb_zhuanquan_1" },
					{ "time": 0.1, "name": "bb_zhuanquan_2" },
					{ "time": 0.2, "name": "bb_zhuanquan_3" },
					{ "time": 0.3, "name": "bb_zhuanquan_4" },
					{ "time": 0.4, "name": "bb_zhuanquan_5" },
					{ "time": 0.5, "name": "bb_zhuanquan_52" },
					{ "time": 0.6, "name": "bb_zhuanquan_6" },
					{ "time": 0.7, "name": "bb_zhuanquan_7" },
					{ "time": 0.8, "name": "bb_zhuanquan_8" },
					{ "time": 0.9, "name": "bb_zhuanquan_1" },
					{ "time": 1.1666, "name": "bb_zhuanquan_1" }
				]
			}
		}
	}
}
}