{
"skeleton": { "hash": "8SuEn7wPWfE7s85Z0LMJk71DycU", "spine": "2.0.20", "width": 353.38, "height": 234 },
"bones": [
	{ "name": "root" },
	{ "name": "bone", "parent": "root", "length": 111.2, "x": 142.55, "y": 96.41, "rotation": -88.63 },
	{ "name": "MOUTCH", "parent": "bone", "length": 34.88, "x": -80.08, "y": -59.73, "rotation": 8.57 },
	{ "name": "SHOU", "parent": "bone", "length": 38.98, "x": 28.4, "y": -134.11, "rotation": -47.59 },
	{ "name": "biti", "parent": "bone", "length": 28.24, "x": -74.39, "y": -102.18, "rotation": -22.42 },
	{ "name": "bone2", "parent": "bone", "length": 14.64, "x": 51.4, "y": 55.39, "rotation": 79.73 },
	{ "name": "shetou", "parent": "bone", "length": 41.9, "x": -51.26, "y": -68.25, "rotation": -11.65 },
	{ "name": "yanjing", "parent": "bone", "length": 41.1, "x": -104.14, "y": -102.15, "rotation": -55.28 },
	{ "name": "bone15", "parent": "SHOU", "x": 0.18, "y": -8.82 },
	{ "name": "bone3", "parent": "bone2", "length": 11.4, "x": 12.73, "y": -0.21 },
	{ "name": "yanzhu", "parent": "yanjing", "length": 15.1, "x": 16.14, "y": -22.12, "rotation": 30.89 },
	{ "name": "youyanzhu", "parent": "yanjing", "length": 8.82, "x": 92.56, "y": 0.93, "rotation": 39.84 },
	{ "name": "bone4", "parent": "bone3", "length": 16.03, "x": 9.44, "y": 0.05, "rotation": 4.98 },
	{ "name": "bone5", "parent": "bone4", "length": 10.5, "x": 12.45, "y": -0.17, "rotation": 1.8 },
	{ "name": "bone6", "parent": "bone5", "length": 11.7, "x": 7.69, "y": -0.36, "rotation": 7.62 },
	{ "name": "bone7", "parent": "bone6", "length": 11.03, "x": 11.57, "y": 0.03, "rotation": -1.35 },
	{ "name": "bone8", "parent": "bone7", "length": 10.24, "x": 10.52, "rotation": -4.5 },
	{ "name": "bone9", "parent": "bone8", "length": 7.19, "x": 9.59, "y": 0.05, "rotation": -4.53 },
	{ "name": "bone10", "parent": "bone9", "length": 7.87, "x": 6.93, "y": 0.07, "rotation": -2.25 },
	{ "name": "bone11", "parent": "bone10", "length": 6.44, "x": 7.74, "y": -0.06, "rotation": -13.71 },
	{ "name": "bone12", "parent": "bone11", "length": 5.17, "x": 6.15, "y": 0.01, "rotation": -19.1 },
	{ "name": "bone13", "parent": "bone12", "length": 4.36, "x": 4.52, "y": -0.21, "rotation": -6.68 },
	{ "name": "bone14", "parent": "bone13", "length": 3.38, "x": 3.99, "y": -0.06, "rotation": -10.47 }
],
"slots": [
	{ "name": "weiba", "bone": "bone", "attachment": "weiba" },
	{ "name": "youshou", "bone": "SHOU", "attachment": "youshou" },
	{ "name": "zuoshou", "bone": "SHOU", "attachment": "zuoshou" },
	{ "name": "youyangun", "bone": "yanjing", "attachment": "youyangun" },
	{ "name": "zuoyangun", "bone": "yanjing", "attachment": "zuoyangun" },
	{ "name": "shenti", "bone": "bone", "attachment": "shenti" },
	{ "name": "moutch", "bone": "MOUTCH", "attachment": "moutch" },
	{ "name": "shetou", "bone": "shetou", "attachment": "shetou" },
	{ "name": "youyan", "bone": "yanjing", "attachment": "youyan" },
	{ "name": "zuoyan", "bone": "yanjing", "attachment": "zuoyan" },
	{ "name": "zuobaiyan", "bone": "yanjing", "attachment": "zuobaiyan" },
	{ "name": "youbaiyan", "bone": "yanjing", "attachment": "youbaiyan" },
	{ "name": "zuoheiyanzhu", "bone": "yanzhu", "attachment": "zuoheiyanzhu" },
	{ "name": "youheiyanzhu", "bone": "youyanzhu", "attachment": "youheiyanzhu" },
	{ "name": "biti", "bone": "biti", "attachment": "biti" }
],
"skins": {
	"default": {
		"biti": {
			"biti": { "x": 18.54, "y": 3.36, "rotation": 111.06, "width": 11, "height": 40 }
		},
		"moutch": {
			"moutch": { "x": 21.9, "y": -12.54, "rotation": 80.06, "width": 57, "height": 80 }
		},
		"shenti": {
			"shenti": { "x": -10.88, "y": -33.81, "rotation": 88.63, "width": 208, "height": 207 }
		},
		"shetou": {
			"shetou": { "x": 28.19, "y": -7.65, "rotation": 100.29, "width": 36, "height": 75 }
		},
		"weiba": {
			"weiba": {
				"type": "skinnedmesh",
				"uvs": [ 0.11031, 0.21134, 0.24948, 0, 0.27154, 8.1E-4, 0.30997, 0.29513, 0.32815, 0.29035, 0.35049, 0.26881, 0.36139, 0.27001, 0.35516, 0.44229, 0.37386, 0.46144, 0.39152, 0.47699, 0.40969, 0.49374, 0.43151, 0.51169, 0.4528, 0.53083, 0.4715, 0.54279, 0.48916, 0.54877, 0.49903, 0.50211, 0.51045, 0.45067, 0.52032, 0.41597, 0.53694, 0.45426, 0.54889, 0.5081, 0.55876, 0.56672, 0.57745, 0.55715, 0.59719, 0.54519, 0.61485, 0.53322, 0.63822, 0.52006, 0.66315, 0.51527, 0.68548, 0.51527, 0.70003, 0.51408, 0.71717, 0.51767, 0.72911, 0.52126, 0.73742, 0.48417, 0.74625, 0.43511, 0.75716, 0.42913, 0.76755, 0.48417, 0.77586, 0.51408, 0.78105, 0.5404, 0.79676, 0.55907, 0.8153, 0.56836, 0.83465, 0.5795, 0.8532, 0.5925, 0.87093, 0.60736, 0.89351, 0.62593, 0.90963, 0.64822, 0.92334, 0.66864, 0.93704, 0.6965, 0.95075, 0.7225, 0.96526, 0.75593, 0.98138, 0.79864, 0.99589, 0.85807, 0.99999, 0.92493, 0.99751, 0.98993, 0.98219, 1, 0.958, 1, 0.93785, 0.98807, 0.92092, 0.94721, 0.89351, 0.91193, 0.85642, 0.89707, 0.82175, 0.89336, 0.78225, 0.88964, 0.74758, 0.88221, 0.69841, 0.9045, 0.671, 0.93607, 0.64358, 0.97507, 0.6065, 0.96764, 0.5678, 0.9695, 0.51298, 0.97321, 0.46703, 0.97693, 0.41946, 0.98807, 0.37512, 0.98436, 0.30095, 0.98621, 0.2421, 0.98993, 0.0994, 0.9955, 2.4E-4, 0.98993, 0, 0.36222, 0.18325, 0.40679, 0.33804, 0.6705, 0.53878, 0.75593, 0.82175, 0.76522, 0.97009, 0.94907 ],
				"triangles": [ 50, 51, 78, 78, 51, 52, 52, 53, 78, 50, 78, 49, 53, 54, 78, 48, 49, 78, 78, 54, 55, 78, 55, 48, 48, 55, 47, 47, 55, 56, 47, 77, 46, 46, 77, 45, 77, 44, 45, 77, 43, 44, 77, 42, 43, 77, 59, 76, 47, 56, 77, 58, 77, 57, 57, 77, 56, 58, 59, 77, 29, 77, 22, 77, 36, 37, 29, 36, 77, 77, 41, 42, 77, 40, 41, 77, 39, 40, 77, 38, 39, 77, 37, 38, 35, 36, 29, 34, 29, 30, 34, 30, 33, 35, 29, 34, 29, 22, 26, 29, 26, 28, 26, 27, 28, 30, 31, 33, 31, 32, 33, 26, 22, 23, 23, 25, 26, 23, 24, 25, 66, 68, 76, 76, 68, 75, 65, 66, 76, 75, 13, 76, 62, 63, 61, 14, 76, 13, 76, 14, 15, 65, 76, 64, 15, 20, 76, 64, 76, 63, 63, 76, 61, 61, 76, 60, 59, 60, 76, 76, 22, 77, 20, 21, 76, 22, 76, 21, 67, 68, 66, 12, 13, 75, 20, 15, 19, 19, 15, 16, 19, 16, 18, 75, 11, 12, 16, 17, 18, 69, 70, 75, 69, 75, 68, 75, 10, 11, 75, 9, 10, 75, 8, 9, 75, 7, 8, 75, 74, 7, 70, 71, 75, 72, 75, 71, 72, 73, 74, 75, 72, 74, 74, 3, 7, 3, 4, 7, 7, 4, 6, 6, 4, 5, 73, 0, 74, 74, 0, 3, 2, 3, 1, 1, 3, 0 ],
				"vertices": [ 5, 5, -12.36, 23.05, 0.96125, 9, -25.09, 23.28, 0.03874, 12, -32.39, 26.13, 0, 13, -43.99, 27.72, 0, 21, -95.44, -57.66, 0, 4, 5, 3.61, 37.74, 0.85985, 9, -9.11, 37.97, 0.14014, 13, -26.38, 40.41, 0, 21, -92.8, -36.11, 0, 4, 5, 6.43, 38.13, 0.85922, 9, -6.29, 38.36, 0.14077, 13, -23.53, 40.47, 0, 21, -90.92, -33.98, 0, 5, 5, 13.87, 22.61, 0.6907, 9, 1.14, 22.84, 0.28467, 12, -6.28, 23.42, 0.02447, 14, -22.23, 27.72, 1.4E-4, 21, -75.18, -40.97, 0, 6, 5, 16.15, 23.24, 0.62508, 9, 3.42, 23.47, 0.33487, 12, -3.96, 23.84, 0.03956, 13, -15.65, 24.53, 5.0E-5, 14, -19.87, 27.76, 4.2E-4, 21, -73.85, -39.01, 0, 6, 5, 18.81, 24.88, 0.62182, 9, 6.08, 25.11, 0.34528, 12, -1.17, 25.24, 0.0327, 13, -12.81, 25.84, 4.0E-5, 14, -16.88, 28.69, 1.4E-4, 21, -72.89, -36.04, 0, 4, 5, 20.21, 25.03, 0.62526, 9, 7.48, 25.26, 0.34577, 12, 0.23, 25.27, 0.02895, 21, -71.92, -35.02, 0, 7, 5, 20.9, 15.37, 0.39578, 9, 8.18, 15.6, 0.4331, 12, 0.08, 15.59, 0.1629, 13, -11.86, 16.15, 0.00277, 14, -17.22, 18.96, 0.00543, 21, -65.13, -41.92, 0, 22, -53.71, -60.38, 0, 7, 5, 23.45, 14.68, 0.25105, 9, 10.72, 14.91, 0.41966, 12, 2.56, 14.69, 0.30417, 13, -9.41, 15.17, 0.01022, 14, -14.92, 17.66, 0.01487, 21, -62.74, -40.78, 0, 22, -51.76, -58.6, 0, 7, 5, 25.84, 14.17, 0.1513, 9, 13.11, 14.41, 0.37057, 12, 4.89, 13.97, 0.42996, 13, -7.1, 14.38, 0.01953, 14, -12.74, 16.57, 0.0286, 21, -60.6, -39.62, 0, 22, -50.05, -56.86, 0, 7, 5, 28.3, 13.61, 0.07745, 9, 15.57, 13.84, 0.29467, 12, 7.3, 13.19, 0.54176, 13, -4.72, 13.53, 0.03146, 14, -10.49, 15.41, 0.05463, 21, -58.36, -38.46, 0, 22, -48.26, -55.08, 0, 7, 5, 31.24, 13.05, 0.03102, 9, 18.51, 13.28, 0.18353, 12, 10.17, 12.38, 0.63994, 13, -1.87, 12.63, 0.04883, 14, -7.79, 14.14, 0.09667, 21, -55.76, -36.98, 0, 22, -46.21, -52.91, 0, 7, 5, 34.12, 12.42, 0.00829, 9, 21.39, 12.65, 0.09038, 12, 12.99, 11.5, 0.7067, 13, 0.9, 11.65, 0.03578, 14, -5.16, 12.81, 0.15884, 21, -53.16, -35.59, 0, 22, -44.13, -50.82, 0, 7, 5, 36.6, 12.13, 0.00163, 9, 23.87, 12.36, 0.03949, 12, 15.44, 11, 0.73855, 14, -2.82, 11.91, 0.22011, 15, -14.66, 11.53, 2.0E-4, 21, -51.08, -34.2, 0, 22, -42.55, -48.87, 0, 5, 9, 26.18, 12.38, 0.01033, 12, 17.73, 10.82, 0.73182, 14, -0.59, 11.36, 0.25236, 15, -12.41, 11.03, 0.00547, 21, -49.34, -32.69, 0, 6, 9, 27.03, 15.16, 0.00183, 12, 18.83, 13.51, 0.65689, 13, 6.8, 13.48, 0.12485, 14, 0.92, 13.84, 0.21284, 15, -10.95, 13.54, 0.00357, 21, -50.49, -30.02, 0, 6, 9, 28.04, 18.23, 2.6E-4, 12, 20.1, 16.49, 0.63263, 13, 8.17, 16.41, 0.18162, 14, 2.66, 16.56, 0.18368, 15, -9.27, 16.31, 0.00178, 21, -51.72, -27.02, 0, 5, 12, 21.24, 18.51, 0.62667, 13, 9.37, 18.4, 0.19681, 14, 4.12, 18.37, 0.17556, 15, -7.86, 18.15, 9.5E-4, 21, -52.36, -24.79, 0, 5, 12, 23.52, 16.52, 0.60238, 13, 11.59, 16.33, 0.23866, 14, 6.05, 16.03, 0.15, 15, -5.88, 15.86, 0.00894, 21, -49.34, -24.56, 0, 6, 12, 25.27, 13.61, 0.53277, 13, 13.24, 13.37, 0.33403, 14, 7.29, 12.88, 0.09381, 15, -4.56, 12.74, 0.03902, 16, -16.03, 11.52, 3.6E-4, 21, -46.04, -25.36, 0, 7, 12, 26.76, 10.43, 0.36681, 13, 14.63, 10.14, 0.3519, 14, 8.24, 9.49, 0.08555, 15, -3.53, 9.37, 0.18634, 16, -14.74, 8.25, 0.00938, 21, -42.72, -26.53, 0, 22, -36.82, -39.09, 0, 7, 12, 29.13, 11.12, 0.22543, 13, 17.02, 10.76, 0.22978, 14, 10.69, 9.79, 0.0937, 15, -1.08, 9.73, 0.4119, 16, -12.33, 8.8, 0.03917, 21, -41.56, -24.35, 0, 22, -36.35, -36.66, 0, 7, 12, 31.62, 11.97, 0.13126, 13, 19.54, 11.52, 0.13342, 14, 13.29, 10.22, 0.03586, 15, 1.49, 10.21, 0.61248, 16, -9.79, 9.48, 0.08696, 21, -40.41, -21.99, 0, 22, -35.94, -34.06, 0, 8, 12, 33.85, 12.79, 0.07083, 13, 21.8, 12.28, 0.06955, 14, 15.62, 10.66, 0.00686, 15, 3.81, 10.72, 0.69731, 16, -7.52, 10.16, 0.15529, 17, -17.9, 8.72, 1.2E-4, 21, -39.43, -19.82, 0, 22, -35.65, -31.71, 0, 7, 12, 36.81, 13.73, 0.03116, 13, 24.78, 13.12, 0.02806, 15, 6.87, 11.23, 0.66146, 16, -4.51, 10.92, 0.27455, 17, -14.96, 9.71, 0.00475, 21, -38.02, -17.05, 0, 22, -35.12, -28.65, 0, 8, 12, 40, 14.22, 0.01034, 13, 27.99, 13.51, 0.00737, 15, 10.1, 11.27, 0.55569, 16, -1.29, 11.2, 0.40176, 17, -11.78, 10.25, 0.0248, 18, -19.07, 9.43, 3.0E-5, 21, -36.13, -14.44, 0, 22, -34.08, -25.59, 0, 8, 12, 42.87, 14.41, 0.00325, 13, 30.86, 13.61, 0.00143, 15, 12.98, 11.06, 0.40203, 16, 1.58, 11.22, 0.51978, 17, -8.91, 10.5, 0.0708, 18, -16.21, 9.78, 0.00269, 21, -34.25, -12.25, 0, 22, -32.92, -22.95, 0, 8, 12, 44.74, 14.61, 0.00126, 13, 32.74, 13.75, 2.5E-4, 15, 14.85, 10.99, 0.29729, 16, 3.45, 11.3, 0.57598, 17, -7.05, 10.72, 0.11703, 18, -14.35, 10.08, 0.00816, 21, -33.08, -10.79, 0, 22, -32.23, -21.21, 0, 7, 12, 46.96, 14.56, 2.7E-4, 15, 17.04, 10.63, 0.18537, 16, 5.67, 11.11, 0.59785, 17, -4.83, 10.71, 0.19533, 18, -12.13, 10.16, 0.02117, 21, -31.49, -9.24, 0, 22, -31.17, -19.26, 0, 6, 15, 18.56, 10.32, 0.11488, 16, 7.21, 10.91, 0.58526, 17, -3.27, 10.64, 0.26455, 18, -10.58, 10.15, 0.03529, 21, -30.33, -8.2, 0, 22, -30.37, -17.93, 0, 5, 15, 19.78, 12.31, 0.07404, 16, 8.27, 13, 0.54946, 17, -2.38, 12.8, 0.31862, 18, -9.77, 12.34, 0.05786, 21, -31.21, -6.04, 0, 5, 15, 21.12, 14.97, 0.05067, 16, 9.39, 15.75, 0.53521, 17, -1.48, 15.63, 0.34762, 18, -8.98, 15.21, 0.06648, 21, -32.55, -3.38, 0, 5, 15, 22.55, 15.2, 0.04702, 16, 10.8, 16.09, 0.52835, 17, -0.1, 16.08, 0.35408, 18, -7.63, 15.71, 0.07053, 21, -31.89, -2.09, 0, 5, 15, 23.66, 12.03, 0.0409, 16, 12.16, 13.02, 0.48938, 17, 1.48, 13.13, 0.37604, 18, -5.92, 12.82, 0.09366, 21, -28.67, -3.09, 0, 5, 15, 24.61, 10.28, 0.02883, 16, 13.24, 11.35, 0.43459, 17, 2.69, 11.55, 0.40884, 18, -4.65, 11.29, 0.12771, 21, -26.71, -3.37, 0, 5, 15, 25.17, 8.76, 0.0148, 16, 13.91, 9.88, 0.37853, 17, 3.48, 10.14, 0.44284, 18, -3.8, 9.91, 0.16381, 21, -25.15, -3.82, 0, 6, 15, 27.11, 7.57, 0.00351, 16, 15.95, 8.85, 0.22134, 17, 5.59, 9.26, 0.48926, 18, -1.66, 9.12, 0.28373, 19, -11.29, 6.7, 0.00213, 21, -23.04, -2.96, 0, 5, 16, 18.34, 8.34, 0.09526, 17, 8.02, 8.95, 0.43118, 18, 0.77, 8.9, 0.44879, 19, -8.87, 7.06, 0.02475, 21, -21.08, -1.49, 0, 5, 16, 20.84, 7.73, 0.03829, 17, 10.56, 8.54, 0.26983, 18, 3.32, 8.59, 0.60917, 19, -6.32, 7.37, 0.08269, 21, -18.98, 0, 0, 6, 16, 23.24, 7.01, 0.00771, 17, 13, 8.01, 0.14372, 18, 5.79, 8.17, 0.64082, 19, -3.82, 7.54, 0.20607, 20, -11.92, 3.83, 0.00165, 21, -16.87, 1.33, 0, 4, 17, 15.35, 7.38, 0.06881, 18, 8.16, 7.63, 0.5225, 19, -1.39, 7.57, 0.39681, 20, -9.63, 4.66, 0.01186, 4, 17, 18.34, 6.59, 0.02313, 18, 11.18, 6.95, 0.27822, 19, 1.69, 7.63, 0.6435, 20, -6.73, 5.74, 0.05513, 5, 17, 20.52, 5.52, 0.00736, 18, 13.4, 5.97, 0.11309, 19, 4.08, 7.21, 0.74137, 20, -4.34, 6.11, 0.13812, 21, -9.76, 4.82, 3.0E-5, 5, 17, 22.39, 4.53, 0.0011, 18, 15.29, 5.06, 0.02657, 19, 6.14, 6.77, 0.68915, 20, -2.25, 6.38, 0.2744, 21, -7.72, 5.41, 0.00876, 3, 19, 8.36, 5.94, 0.4674, 20, 0.11, 6.32, 0.49061, 21, -5.35, 5.71, 0.04197, 3, 19, 10.57, 5.23, 0.25218, 20, 2.43, 6.38, 0.58692, 21, -3.03, 6.03, 0.16089, 3, 19, 13.12, 4.25, 0.10714, 20, 5.16, 6.29, 0.44777, 21, -0.35, 6.1, 0.44507, 4, 19, 16.48, 2.91, 0.02398, 20, 8.78, 6.12, 0.1354, 21, 2.84, 6.12, 0.78659, 22, -0.75, 5.99, 0.05402, 3, 20, 18.7, 14.62, 0.01047, 21, 10.58, 16.1, 0.47495, 22, -1.44, -4.75, 0.51457, 2, 21, 39.29, -24.37, 0.04491, 22, 4.63, 4.15, 0.95508, 2, 21, 24.11, -51.86, 0.0024, 22, 8.13, 0, 0.99759, 1, 22, 7.08, -1.87, 1, 4, 14, 20.31, -31.88, 0, 19, -10.68, -36.35, 0.00551, 21, -3.43, -39.98, 0.03917, 22, 5.49, -2.34, 0.9553, 4, 14, 31.19, -29.69, 0, 19, -1.9, -29.55, 0.02979, 21, 1.41, -29.67, 0.19655, 22, 4.51, 1.81, 0.77364, 6, 14, 49.91, -20.9, 0, 18, 15.21, -15.65, 0.00207, 19, 10.97, -13.37, 0.09216, 20, 8.91, -11.07, 0.00175, 21, 5.6, -9.29, 0.53815, 22, -3.61, 2.56, 0.36584, 7, 14, 49.17, -14.14, 0, 17, 19.55, -9.64, 0.00109, 18, 13, -9.21, 0.03842, 19, 7.3, -7.64, 0.32028, 20, 3.56, -6.85, 0.33943, 21, 0.18, -6.4, 0.19664, 22, -5.73, -3.76, 0.10411, 7, 14, 44.68, -12.55, 0, 17, 14.85, -8.88, 0.06667, 18, 8.28, -8.64, 0.29238, 19, 2.58, -8.21, 0.51421, 20, -0.71, -8.94, 0.10003, 21, -3.7, -9.4, 0.01352, 22, -5.43, -10.69, 0.01316, 6, 16, 19.27, -9.84, 0.00859, 17, 10.38, -9.1, 0.27281, 18, 3.83, -9.04, 0.49751, 19, -1.64, -9.64, 0.20056, 20, -4.22, -11.68, 0.01954, 22, -6.58, -15.25, 9.5E-4, 7, 14, 35.2, -11.27, 0.00296, 15, 23.9, -10.75, 0.01491, 16, 14.18, -9.67, 0.14117, 17, 5.29, -9.33, 0.53507, 18, -1.23, -9.47, 0.26613, 19, -6.46, -11.26, 0.03971, 21, -10.21, -16.45, 1.0E-5, 8, 14, 30.79, -10.43, 0.02418, 15, 19.47, -10.01, 0.08728, 16, 9.7, -9.28, 0.4318, 17, 0.8, -9.29, 0.38336, 18, -5.72, -9.61, 0.06975, 19, -10.79, -12.46, 0.0036, 21, -13.44, -19.57, 1.0E-5, 22, -10.88, -23.83, 0, 7, 14, 24.35, -11.06, 0.18327, 15, 13.05, -10.79, 0.37195, 16, 3.37, -10.56, 0.37893, 17, -5.41, -11.07, 0.06513, 18, -11.86, -11.63, 6.8E-4, 21, -16.63, -25.2, 0, 22, -12.28, -30.14, 0, 6, 14, 20.66, -12.48, 0.36445, 15, 9.4, -12.3, 0.4357, 16, -0.15, -12.35, 0.1887, 17, -8.78, -13.13, 0.01112, 21, -17.59, -29.03, 0, 22, -12.07, -34.09, 0, 5, 14, 16.93, -14.31, 0.52491, 15, 5.71, -14.22, 0.38459, 16, -3.67, -14.55, 0.09048, 21, -18.24, -33.14, 0, 22, -11.48, -38.2, 0, 5, 14, 12.21, -13.44, 0.70578, 15, 0.97, -13.46, 0.26043, 16, -8.46, -14.16, 0.03377, 21, -21.68, -36.5, 0, 22, -13.78, -42.42, 0, 6, 12, 29.46, -11.99, 0.00354, 14, 7.23, -13.06, 0.86852, 15, -4, -13.2, 0.1237, 16, -13.45, -14.29, 0.00422, 21, -24.85, -40.35, 0, 22, -15.68, -47.04, 0, 6, 9, 32.88, -10.62, 4.7E-4, 12, 22.42, -12.68, 0.09987, 13, 9.56, -12.81, 0.01093, 14, 0.17, -12.59, 0.86934, 15, -11.07, -12.89, 0.01937, 21, -29.3, -45.85, 0, 5, 9, 27.06, -11.74, 0.01266, 12, 16.52, -13.29, 0.35463, 13, 3.64, -13.24, 0.01357, 14, -5.74, -12.22, 0.61802, 15, -17, -12.67, 0.0011, 3, 9, 21.09, -13.31, 0.068, 12, 10.44, -14.33, 0.57782, 14, -11.91, -12.25, 0.35417, 4, 5, 28.14, -14.22, 0.0136, 9, 15.41, -13.98, 0.18856, 12, 4.72, -14.51, 0.60328, 14, -17.58, -11.49, 0.19453, 5, 5, 18.7, -15.8, 0.2357, 9, 5.97, -15.56, 0.40329, 12, -4.81, -15.26, 0.3125, 13, -17.74, -14.53, 0, 14, -27.11, -10.68, 0.04849, 5, 5, 11.23, -17.17, 0.6112, 9, -1.49, -16.94, 0.28523, 12, -12.37, -15.99, 0.09591, 13, -25.32, -15.01, 0, 14, -34.69, -10.15, 0.00764, 4, 5, -6.9, -20.33, 0.99394, 9, -19.63, -20.1, 0.00605, 13, -43.71, -15.99, 0, 21, -63.13, -87.14, 0, 4, 5, -19.58, -22, 0.99998, 12, -43.5, -18.11, 1.0E-5, 13, -56.5, -16.14, 0, 21, -71.71, -96.64, 0, 3, 5, -25.05, 12.72, 1, 13, -57.81, 18.97, 0, 21, -98.39, -73.75, 0, 3, 5, -1.31, 13.91, 0.96258, 9, -14.03, 14.14, 0.03741, 21, -81.09, -57.44, 0, 1, 9, 7.97, 2.63, 1, 1, 14, 4.66, -0.8, 1, 1, 18, 2.96, -1.92, 1, 1, 22, 4, -0.83, 1 ],
				"hull": 74,
				"edges": [ 0, 2, 2, 4, 4, 6, 6, 8, 8, 10, 10, 12, 12, 14, 14, 16, 16, 18, 18, 20, 20, 22, 22, 24, 24, 26, 26, 28, 28, 30, 30, 32, 32, 34, 34, 36, 36, 38, 38, 40, 40, 42, 42, 44, 44, 46, 46, 48, 48, 50, 50, 52, 52, 54, 54, 56, 56, 58, 58, 60, 60, 62, 62, 64, 64, 66, 66, 68, 68, 70, 70, 72, 72, 74, 74, 76, 76, 78, 78, 80, 80, 82, 82, 84, 84, 86, 86, 88, 88, 90, 90, 92, 92, 94, 94, 96, 96, 98, 98, 100, 100, 102, 102, 104, 104, 106, 106, 108, 108, 110, 110, 112, 112, 114, 114, 116, 116, 118, 118, 120, 120, 122, 122, 124, 124, 126, 126, 128, 128, 130, 130, 132, 132, 134, 134, 136, 136, 138, 138, 140, 140, 142, 142, 144, 144, 146, 0, 146 ],
				"width": 129,
				"height": 56
			}
		},
		"youbaiyan": {
			"youbaiyan": { "x": 84.62, "y": -5.54, "rotation": 143.91, "width": 13, "height": 30 }
		},
		"youheiyanzhu": {
			"youheiyanzhu": { "x": -3.02, "y": -0.38, "rotation": 104.06, "width": 9, "height": 8 }
		},
		"youshou": {
			"youshou": { "x": 1.97, "y": -1.79, "rotation": 125.57, "width": 54, "height": 67 }
		},
		"youyan": {
			"youyan": { "x": 76.94, "y": -6.74, "rotation": 143.91, "width": 40, "height": 43 }
		},
		"youyangun": {
			"youyangun": { "x": 47.81, "y": 2.98, "rotation": 143.91, "width": 29, "height": 17 }
		},
		"zuobaiyan": {
			"zuobaiyan": { "x": -5.11, "y": -19.91, "rotation": 143.91, "width": 18, "height": 25 }
		},
		"zuoheiyanzhu": {
			"zuoheiyanzhu": { "x": -21.98, "y": 9.14, "rotation": 113.02, "width": 8, "height": 9 }
		},
		"zuoshou": {
			"zuoshou": { "x": -182.94, "y": -28.47, "rotation": 136.22, "width": 50, "height": 50 }
		},
		"zuoyan": {
			"zuoyan": { "x": -6.57, "y": -20.08, "rotation": 143.91, "width": 32, "height": 33 }
		},
		"zuoyangun": {
			"zuoyangun": { "x": -15.57, "y": -2.14, "rotation": 143.91, "width": 32, "height": 16 }
		}
	}
},
"animations": {
	"animation": {
		"slots": {
			"youbaiyan": {
				"attachment": [
					{ "time": 2.1, "name": null },
					{ "time": 2.7333, "name": "youbaiyan" }
				]
			},
			"youheiyanzhu": {
				"attachment": [
					{ "time": 2.1, "name": null },
					{ "time": 2.7333, "name": "youheiyanzhu" }
				]
			},
			"zuobaiyan": {
				"attachment": [
					{ "time": 2.1, "name": null },
					{ "time": 2.7333, "name": "zuobaiyan" }
				]
			},
			"zuoheiyanzhu": {
				"attachment": [
					{ "time": 2.1, "name": null },
					{ "time": 2.7333, "name": "zuoheiyanzhu" }
				]
			}
		},
		"bones": {
			"bone": {
				"translate": [
					{ "time": 0, "x": 0, "y": 0 },
					{ "time": 0.7, "x": 0, "y": 4.05, "curve": "stepped" },
					{ "time": 1.1333, "x": 0, "y": 4.05 },
					{ "time": 1.6666, "x": 0, "y": 0, "curve": "stepped" },
					{ "time": 2.1666, "x": 0, "y": 0 },
					{ "time": 3.1333, "x": 0, "y": 4.05, "curve": "stepped" },
					{ "time": 3.6, "x": 0, "y": 4.05 },
					{ "time": 4.3, "x": 0, "y": 0, "curve": "stepped" },
					{ "time": 4.7, "x": 0, "y": 0 },
					{ "time": 5.6, "x": 0, "y": 4.05, "curve": "stepped" },
					{ "time": 6.0333, "x": 0, "y": 4.05 },
					{ "time": 6.6, "x": 0, "y": 0, "curve": "stepped" },
					{ "time": 7, "x": 0, "y": 0 }
				],
				"scale": [
					{ "time": 0, "x": 1, "y": 1 },
					{ "time": 0.7, "x": 1.034, "y": 1.061 },
					{ "time": 1.1333, "x": 1.024, "y": 1.081 },
					{ "time": 1.6666, "x": 1, "y": 1, "curve": "stepped" },
					{ "time": 2.1666, "x": 1, "y": 1 },
					{ "time": 3.1333, "x": 1.034, "y": 1.061 },
					{ "time": 3.6, "x": 1.039, "y": 1.096 },
					{ "time": 4.3, "x": 1, "y": 1, "curve": "stepped" },
					{ "time": 4.7, "x": 1, "y": 1 },
					{ "time": 5.6, "x": 1.034, "y": 1.061 },
					{ "time": 6.0333, "x": 1.039, "y": 1.096 },
					{ "time": 6.6, "x": 1, "y": 1, "curve": "stepped" },
					{ "time": 7, "x": 1, "y": 1 }
				]
			},
			"yanjing": {
				"rotate": [
					{ "time": 0, "angle": 0 },
					{ "time": 0.7, "angle": 4.85 },
					{ "time": 1.6666, "angle": -6.29 },
					{ "time": 3.1333, "angle": 0 },
					{ "time": 4.3, "angle": -3.96 },
					{ "time": 5.6, "angle": 0, "curve": "stepped" },
					{ "time": 6.0333, "angle": 0, "curve": "stepped" },
					{ "time": 6.3333, "angle": 0 }
				],
				"translate": [
					{ "time": 0, "x": 0, "y": 0 },
					{ "time": 0.7, "x": 2.02, "y": 2.5, "curve": "stepped" },
					{ "time": 1.6666, "x": 2.02, "y": 2.5 },
					{ "time": 3.1333, "x": 0, "y": 0, "curve": "stepped" },
					{ "time": 4.3, "x": 0, "y": 0, "curve": "stepped" },
					{ "time": 5.6, "x": 0, "y": 0, "curve": "stepped" },
					{ "time": 6.0333, "x": 0, "y": 0, "curve": "stepped" },
					{ "time": 6.3333, "x": 0, "y": 0 }
				]
			},
			"biti": {
				"rotate": [
					{ "time": 0, "angle": 0 },
					{ "time": 4.2, "angle": -0.23 },
					{ "time": 7, "angle": 0 }
				],
				"scale": [
					{ "time": 0, "x": 0.437, "y": 0.492 },
					{ "time": 4.2, "x": 1.115, "y": 0.905 },
					{ "time": 7, "x": 0.437, "y": 0.492 }
				]
			},
			"shetou": {
				"rotate": [
					{ "time": 0, "angle": 0 },
					{ "time": 0.7, "angle": -3.26 },
					{ "time": 1.6666, "angle": -5.44 },
					{ "time": 3.1333, "angle": -0.3 },
					{ "time": 4.3, "angle": -1.95 },
					{ "time": 6, "angle": -0.3 },
					{ "time": 6.6666, "angle": 0 }
				],
				"translate": [
					{ "time": 0, "x": 0.01, "y": 0.67 },
					{ "time": 0.7, "x": 0.02, "y": 0.94 },
					{ "time": 1.6666, "x": 0.03, "y": 1.35 },
					{ "time": 3.1333, "x": 0.01, "y": 0.63 },
					{ "time": 4.3, "x": 0.02, "y": 0.99 },
					{ "time": 6, "x": 0.01, "y": 0.63 },
					{ "time": 6.6666, "x": 0.01, "y": 0.67 }
				],
				"scale": [
					{ "time": 0, "x": 0.793, "y": 1.04 },
					{ "time": 0.7, "x": 0.689, "y": 1 },
					{ "time": 1.6666, "x": 0.839, "y": 1.004 },
					{ "time": 3.1333, "x": 0.892, "y": 1.049 },
					{ "time": 4.3, "x": 0.824, "y": 1.066 },
					{ "time": 6, "x": 0.892, "y": 1.049 },
					{ "time": 6.6666, "x": 0.793, "y": 1.04 }
				]
			},
			"bone2": {
				"rotate": [
					{ "time": 0, "angle": 0 },
					{ "time": 0.3666, "angle": 2.87 },
					{ "time": 1, "angle": -3.98 },
					{ "time": 2, "angle": -1.83 },
					{ "time": 3.2333, "angle": 5.08 },
					{ "time": 4, "angle": -1.53, "curve": "stepped" },
					{ "time": 5, "angle": -1.53 },
					{ "time": 5.6666, "angle": 7.25 },
					{ "time": 6.6, "angle": 0 }
				]
			},
			"bone14": {
				"rotate": [
					{ "time": 0, "angle": 0 },
					{ "time": 0.3666, "angle": 4.88 },
					{ "time": 1, "angle": 33.66 },
					{ "time": 2, "angle": 14.94 },
					{ "time": 3.2333, "angle": 9.47 },
					{ "time": 4, "angle": 12.68 },
					{ "time": 5, "angle": 3.19 },
					{ "time": 5.6666, "angle": 14.03 },
					{ "time": 6.6, "angle": 0 }
				]
			},
			"bone13": {
				"rotate": [
					{ "time": 0, "angle": 0 },
					{ "time": 0.3666, "angle": 4.68 },
					{ "time": 1, "angle": 20.2 },
					{ "time": 2, "angle": 6.99 },
					{ "time": 3.2333, "angle": -1.15 },
					{ "time": 4, "angle": 25.06 },
					{ "time": 5, "angle": 10.32 },
					{ "time": 5.6666, "angle": -1.62 },
					{ "time": 6.6, "angle": 0 }
				]
			},
			"bone12": {
				"rotate": [
					{ "time": 0, "angle": 0 },
					{ "time": 0.3666, "angle": 14 },
					{ "time": 1, "angle": 28.78 },
					{ "time": 2, "angle": -3.64 },
					{ "time": 3.2333, "angle": -6.94 },
					{ "time": 4, "angle": 33.6 },
					{ "time": 5, "angle": 17.19 },
					{ "time": 5.6666, "angle": -1.58 },
					{ "time": 6.6, "angle": 0 }
				]
			},
			"bone11": {
				"rotate": [
					{ "time": 0, "angle": 0 },
					{ "time": 0.3666, "angle": 5.45 },
					{ "time": 1, "angle": 18.61 },
					{ "time": 2, "angle": -3.54 },
					{ "time": 3.2333, "angle": 2.88 },
					{ "time": 3.9, "angle": 18.85 },
					{ "time": 4, "angle": 21.22 },
					{ "time": 5, "angle": -13.52 },
					{ "time": 5.6666, "angle": 0.81 },
					{ "time": 6.6, "angle": 0 }
				]
			},
			"bone10": {
				"rotate": [
					{ "time": 0, "angle": 0 },
					{ "time": 0.3666, "angle": 1.82 },
					{ "time": 1, "angle": 8.7 },
					{ "time": 2, "angle": -3.69 },
					{ "time": 3.2333, "angle": -24.15 },
					{ "time": 3.9, "angle": 3.87 },
					{ "time": 4, "angle": 5.12 },
					{ "time": 5, "angle": -33.34 },
					{ "time": 5.6666, "angle": -9.21 },
					{ "time": 6.6, "angle": 0 }
				]
			},
			"bone9": {
				"rotate": [
					{ "time": 0, "angle": 0 },
					{ "time": 0.3666, "angle": 2.52 },
					{ "time": 1, "angle": 5.91 },
					{ "time": 2, "angle": -5.99 },
					{ "time": 3.9, "angle": 13.24 },
					{ "time": 4, "angle": 9.7 },
					{ "time": 5, "angle": -7.95 },
					{ "time": 5.6666, "angle": -4.67 },
					{ "time": 6.6, "angle": 0 }
				]
			},
			"bone8": {
				"rotate": [
					{ "time": 0, "angle": 0 },
					{ "time": 0.3666, "angle": 0.44 },
					{ "time": 1, "angle": 4.3 },
					{ "time": 2, "angle": -2.48 },
					{ "time": 3.2333, "angle": 0.85 },
					{ "time": 3.9, "angle": 15.09 },
					{ "time": 4, "angle": 29.11 },
					{ "time": 5, "angle": -7.48 },
					{ "time": 5.6666, "angle": -3.84 },
					{ "time": 6.6, "angle": 0 }
				]
			},
			"bone7": {
				"rotate": [
					{ "time": 0, "angle": 0 },
					{ "time": 0.3666, "angle": -1.94 },
					{ "time": 1, "angle": 3.17 },
					{ "time": 2, "angle": 1.54 },
					{ "time": 3.2333, "angle": -2.18 },
					{ "time": 4, "angle": -10.93 },
					{ "time": 5, "angle": -7.84 },
					{ "time": 6.1333, "angle": -8.65 },
					{ "time": 6.6, "angle": 0 }
				]
			},
			"bone6": {
				"rotate": [
					{ "time": 0, "angle": 0 },
					{ "time": 0.3666, "angle": -2.24 },
					{ "time": 1, "angle": -6.58 },
					{ "time": 2, "angle": -4.57 },
					{ "time": 3.2333, "angle": -6.32 },
					{ "time": 3.9, "angle": -6.03 },
					{ "time": 4, "angle": -10.79 },
					{ "time": 5, "angle": -14.88 },
					{ "time": 5.6666, "angle": -4.87 },
					{ "time": 6.6, "angle": 0 }
				]
			},
			"bone5": {
				"rotate": [
					{ "time": 0, "angle": 0 },
					{ "time": 0.3666, "angle": 1.88 },
					{ "time": 1, "angle": -0.03 },
					{ "time": 2, "angle": 2.84 },
					{ "time": 3.2333, "angle": 8.5 },
					{ "time": 3.9, "angle": 0.33 },
					{ "time": 4, "angle": -0.19 },
					{ "time": 5, "angle": 3.59 },
					{ "time": 5.6666, "angle": 6.29 },
					{ "time": 6.6, "angle": 0 }
				]
			},
			"bone4": {
				"rotate": [
					{ "time": 0, "angle": 0 },
					{ "time": 0.3666, "angle": 2.62 },
					{ "time": 1, "angle": -6.43 },
					{ "time": 2, "angle": -1.83 },
					{ "time": 3.2333, "angle": 7.41 },
					{ "time": 4, "angle": -5.82 },
					{ "time": 5, "angle": -0.31 },
					{ "time": 5.6666, "angle": 14.81 },
					{ "time": 6.6, "angle": 0 }
				]
			},
			"bone3": {
				"rotate": [
					{ "time": 0, "angle": 0 },
					{ "time": 0.3666, "angle": 2.17 },
					{ "time": 1, "angle": -4.51 },
					{ "time": 2, "angle": -1.74 },
					{ "time": 3.2333, "angle": 5.16 },
					{ "time": 4, "angle": -5.07 },
					{ "time": 5, "angle": 20.24 },
					{ "time": 5.6666, "angle": 4.51 },
					{ "time": 6.6, "angle": 0 }
				]
			},
			"youyanzhu": {
				"translate": [
					{ "time": 0, "x": -5.98, "y": -8.28 },
					{ "time": 2, "x": -0.62, "y": -1.52, "curve": "stepped" },
					{ "time": 5.0666, "x": -0.62, "y": -1.52 },
					{ "time": 6.9666, "x": -5.98, "y": -8.28 }
				]
			},
			"yanzhu": {
				"rotate": [
					{ "time": 0, "angle": -9.81, "curve": "stepped" },
					{ "time": 2, "angle": -9.81, "curve": "stepped" },
					{ "time": 5.0666, "angle": -9.81, "curve": "stepped" },
					{ "time": 6.9666, "angle": -9.81 }
				],
				"translate": [
					{ "time": 0, "x": -4.64, "y": -4.55 },
					{ "time": 2, "x": 1.48, "y": -4.34, "curve": "stepped" },
					{ "time": 5.0666, "x": 1.48, "y": -4.34 },
					{ "time": 6.9666, "x": -4.64, "y": -4.55 }
				]
			},
			"SHOU": {
				"rotate": [
					{ "time": 0, "angle": 0 },
					{ "time": 1.1333, "angle": -3.68 },
					{ "time": 1.6666, "angle": 0, "curve": "stepped" },
					{ "time": 2.1666, "angle": 0 },
					{ "time": 3.6, "angle": -3.68 },
					{ "time": 4.3, "angle": 0, "curve": "stepped" },
					{ "time": 4.7, "angle": 0 },
					{ "time": 6.0333, "angle": -3.68 },
					{ "time": 6.6, "angle": 0, "curve": "stepped" },
					{ "time": 7, "angle": 0 }
				],
				"translate": [
					{ "time": 0, "x": 0, "y": 0, "curve": "stepped" },
					{ "time": 1.6666, "x": 0, "y": 0, "curve": "stepped" },
					{ "time": 2.1666, "x": 0, "y": 0, "curve": "stepped" },
					{ "time": 4.3, "x": 0, "y": 0, "curve": "stepped" },
					{ "time": 4.7, "x": 0, "y": 0, "curve": "stepped" },
					{ "time": 6.6, "x": 0, "y": 0, "curve": "stepped" },
					{ "time": 7, "x": 0, "y": 0 }
				],
				"scale": [
					{ "time": 0, "x": 1, "y": 1 },
					{ "time": 1.1333, "x": 1.014, "y": 1.098 },
					{ "time": 1.6666, "x": 1, "y": 1, "curve": "stepped" },
					{ "time": 2.1666, "x": 1, "y": 1 },
					{ "time": 3.6, "x": 1.014, "y": 1.098 },
					{ "time": 4.3, "x": 1, "y": 1, "curve": "stepped" },
					{ "time": 4.7, "x": 1, "y": 1 },
					{ "time": 6.0333, "x": 1.014, "y": 1.098 },
					{ "time": 6.6, "x": 1, "y": 1, "curve": "stepped" },
					{ "time": 7, "x": 1, "y": 1 }
				]
			},
			"MOUTCH": {
				"scale": [
					{ "time": 0, "x": 1, "y": 0.922 },
					{ "time": 1.1333, "x": 1.092, "y": 1.028 },
					{ "time": 1.6666, "x": 1, "y": 0.922, "curve": "stepped" },
					{ "time": 2.1666, "x": 1, "y": 0.922 },
					{ "time": 3.6, "x": 1.092, "y": 1.028 },
					{ "time": 4.3, "x": 1, "y": 0.922, "curve": "stepped" },
					{ "time": 4.7, "x": 1, "y": 0.922 },
					{ "time": 6.0333, "x": 1.092, "y": 1.028 },
					{ "time": 6.6, "x": 1, "y": 0.922, "curve": "stepped" },
					{ "time": 7, "x": 1, "y": 0.922 }
				]
			}
		}
	}
}
}