{
"skeleton": { "hash": "VAdCrdskgwggQaiNQJVTmfOeOuI", "spine": "2.0.20", "width": 234.33, "height": 217 },
"bones": [
	{ "name": "root" },
	{ "name": "bone", "parent": "root", "length": 93.34, "x": 129.76, "y": 50.19, "rotation": -87.29 },
	{ "name": "moutch", "parent": "bone", "length": 29.05, "x": -93.08, "y": -3.81, "rotation": 2.7 },
	{ "name": "shetou", "parent": "bone", "length": 23.92, "x": -87.31, "y": 12.21, "rotation": 0.9 },
	{ "name": "weiba", "parent": "bone", "length": 44.22, "x": 4.71, "y": 56.08, "rotation": 13.04 },
	{ "name": "youbi", "parent": "bone", "length": 53.35, "x": -47.42, "y": -89.06, "rotation": -4.48 },
	{ "name": "youyanzhu", "parent": "bone", "length": 22.27, "x": -162.22, "y": -38.37, "rotation": 0.9 },
	{ "name": "zuobi", "parent": "bone", "length": 47.44, "x": -77.97, "y": 64.45, "rotation": -0.9 },
	{ "name": "zuoyanzhu", "parent": "bone", "length": 14.09, "x": -153.96, "y": 26.51 },
	{ "name": "eye", "parent": "zuobi", "length": 23.81, "x": -79.34, "y": -70.88, "rotation": 3.15 }
],
"slots": [
	{ "name": "weiba", "bone": "weiba", "attachment": "weiba" },
	{ "name": "youbi", "bone": "youbi", "attachment": "youbi" },
	{ "name": "shenti", "bone": "bone", "attachment": "shenti" },
	{ "name": "youyanbengdai", "bone": "eye", "attachment": "youyanbengdai" },
	{ "name": "zuoyanzhu", "bone": "eye", "attachment": "zuoyanzhu" },
	{ "name": "youyan", "bone": "eye", "attachment": "youyan" },
	{ "name": "youyanbai", "bone": "eye", "attachment": "youyanbai" },
	{ "name": "youyanren", "bone": "youyanzhu", "attachment": "youyanren" },
	{ "name": "zuoyan", "bone": "eye", "attachment": "zuoyan" },
	{ "name": "zuoyanbai", "bone": "eye", "attachment": "zuoyanbai" },
	{ "name": "zuoyanren", "bone": "zuoyanzhu", "attachment": "zuoyanren" },
	{ "name": "moutch", "bone": "moutch", "attachment": "moutch" },
	{ "name": "zuilimian", "bone": "moutch", "attachment": "zuilimian" },
	{ "name": "shetou", "bone": "shetou", "attachment": "shetou" },
	{ "name": "yanlie", "bone": "bone", "attachment": "yanlie" },
	{ "name": "jiao", "bone": "weiba", "attachment": "jiao" },
	{ "name": "duzi", "bone": "bone", "attachment": "duzi" },
	{ "name": "zuobi", "bone": "zuobi", "attachment": "zuobi" },
	{ "name": "bengdaiyinying", "bone": "zuobi", "attachment": "bengdaiyinying" },
	{ "name": "bengdaixuan", "bone": "zuobi", "attachment": "bengdaixuan" }
],
"skins": {
	"default": {
		"bengdaixuan": {
			"bengdaixuan": { "x": 18.62, "y": -6.49, "rotation": 88.19, "width": 43, "height": 44 }
		},
		"bengdaiyinying": {
			"bengdaiyinying": { "x": 13.73, "y": -50.74, "rotation": 88.19, "width": 155, "height": 105 }
		},
		"duzi": {
			"duzi": { "x": -10.61, "y": -4.37, "rotation": 87.29, "width": 130, "height": 96 }
		},
		"jiao": {
			"jiao": { "x": -16.4, "y": 41.39, "rotation": 74.24, "width": 38, "height": 33 }
		},
		"moutch": {
			"moutch": { "x": 7.08, "y": -0.23, "rotation": 84.59, "width": 62, "height": 27 }
		},
		"shenti": {
			"shenti": { "x": -47.86, "y": -4.25, "rotation": 87.29, "width": 156, "height": 170 }
		},
		"shetou": {
			"shetou": { "x": 9.71, "y": 1.28, "rotation": 86.39, "width": 29, "height": 25 }
		},
		"weiba": {
			"weiba": { "x": -0.74, "y": 29.23, "rotation": 74.24, "width": 74, "height": 58 }
		},
		"yanlie": {
			"yanlie": { "x": -154.22, "y": -45.15, "rotation": 87.29, "width": 5, "height": 13 }
		},
		"youbi": {
			"youbi": { "x": 12.63, "y": -4.53, "rotation": 91.78, "width": 34, "height": 64 }
		},
		"youyan": {
			"youyan": { "x": -4.73, "y": -32.65, "rotation": 85.04, "width": 40, "height": 39 }
		},
		"youyanbai": {
			"youyanbai": { "x": -4.39, "y": -32.57, "rotation": 85.04, "width": 39, "height": 16 }
		},
		"youyanbengdai": {
			"youyanbengdai": { "x": 19.14, "y": -32.75, "rotation": 85.04, "width": 17, "height": 32 }
		},
		"youyanren": {
			"youyanren": { "x": -1.59, "y": -0.53, "rotation": 86.39, "width": 9, "height": 8 }
		},
		"zuilimian": {
			"zuilimian": { "x": 6.15, "y": -0.39, "rotation": 84.59, "width": 50, "height": 13 }
		},
		"zuobi": {
			"zuobi": { "x": 5.26, "y": -54.69, "rotation": 88.19, "width": 164, "height": 118 }
		},
		"zuoyan": {
			"zuoyan": { "x": 3.68, "y": 30.11, "rotation": 85.04, "width": 35, "height": 32 }
		},
		"zuoyanbai": {
			"zuoyanbai": { "x": 4.34, "y": 30.15, "rotation": 85.04, "width": 32, "height": 9 }
		},
		"zuoyanren": {
			"zuoyanren": { "x": -1.25, "y": -0.13, "rotation": 87.29, "width": 6, "height": 5 }
		},
		"zuoyanzhu": {
			"zuoyanzhu": { "x": 22.86, "y": 29.98, "rotation": 85.04, "width": 15, "height": 31 }
		}
	}
},
"animations": {
	"animation": {
		"bones": {
			"bone": {
				"scale": [
					{ "time": 0, "x": 1, "y": 1 },
					{ "time": 0.8333, "x": 1.131, "y": 1.045 },
					{ "time": 0.9, "x": 1.058, "y": 1.048 },
					{ "time": 1.5666, "x": 1.009, "y": 0.999, "curve": "stepped" },
					{ "time": 2, "x": 1.009, "y": 0.999 },
					{ "time": 2.6666, "x": 1.131, "y": 1.045 },
					{ "time": 2.7333, "x": 1.058, "y": 1.048 },
					{ "time": 3.5333, "x": 1.009, "y": 0.999 }
				]
			},
			"shetou": {
				"translate": [
					{ "time": 0, "x": 0.65, "y": -0.03, "curve": "stepped" },
					{ "time": 0.8333, "x": 0.65, "y": -0.03, "curve": "stepped" },
					{ "time": 1.5666, "x": 0.65, "y": -0.03, "curve": "stepped" },
					{ "time": 2, "x": 0.65, "y": -0.03, "curve": "stepped" },
					{ "time": 2.6666, "x": 0.65, "y": -0.03, "curve": "stepped" },
					{ "time": 3.5333, "x": 0.65, "y": -0.03 }
				],
				"scale": [
					{ "time": 0, "x": 1.243, "y": 1.251 },
					{ "time": 0.8333, "x": 0.512, "y": 1.251 },
					{ "time": 1.5666, "x": 1.243, "y": 1.251, "curve": "stepped" },
					{ "time": 2, "x": 1.243, "y": 1.251 },
					{ "time": 2.6666, "x": 0.512, "y": 1.251 },
					{ "time": 3.5333, "x": 1.243, "y": 1.251 }
				]
			},
			"moutch": {
				"scale": [
					{ "time": 0, "x": 1, "y": 1 },
					{ "time": 0.8333, "x": 1.289, "y": 0.974 },
					{ "time": 1.5666, "x": 1, "y": 1, "curve": "stepped" },
					{ "time": 2, "x": 1, "y": 1 },
					{ "time": 2.6666, "x": 1.289, "y": 0.974 },
					{ "time": 3.5333, "x": 1, "y": 1 }
				]
			},
			"weiba": {
				"rotate": [
					{ "time": 0, "angle": -8.74 },
					{ "time": 0.8333, "angle": 1.84, "curve": "stepped" },
					{ "time": 0.9, "angle": 1.84 },
					{ "time": 1.6, "angle": -8.74, "curve": "stepped" },
					{ "time": 2, "angle": -8.74 },
					{ "time": 2.6666, "angle": 1.84, "curve": "stepped" },
					{ "time": 2.7333, "angle": 1.84 },
					{ "time": 3.5333, "angle": -8.74 }
				]
			},
			"youbi": {
				"rotate": [
					{ "time": 0, "angle": 0 },
					{ "time": 0.8333, "angle": -7.46 },
					{ "time": 1.5666, "angle": 0, "curve": "stepped" },
					{ "time": 2, "angle": 0 },
					{ "time": 2.6666, "angle": -7.46, "curve": "stepped" },
					{ "time": 2.7333, "angle": -7.46 },
					{ "time": 3.5333, "angle": 0 }
				],
				"translate": [
					{ "time": 0, "x": -6.59, "y": 1.79 },
					{ "time": 0.8333, "x": -13.75, "y": 2.87 },
					{ "time": 1.5666, "x": -6.59, "y": 1.79, "curve": "stepped" },
					{ "time": 2, "x": -6.59, "y": 1.79 },
					{ "time": 2.6666, "x": -13.75, "y": 2.87, "curve": "stepped" },
					{ "time": 2.7333, "x": -13.75, "y": 2.87 },
					{ "time": 3.5333, "x": -6.59, "y": 1.79 }
				]
			},
			"zuobi": {
				"translate": [
					{ "time": 0, "x": 0, "y": 0 },
					{ "time": 0.8333, "x": -4.68, "y": 0.23 },
					{ "time": 1.5666, "x": 0, "y": 0, "curve": "stepped" },
					{ "time": 2, "x": 0, "y": 0 },
					{ "time": 2.6666, "x": -4.68, "y": 0.23 },
					{ "time": 3.5333, "x": 0, "y": 0 }
				],
				"scale": [
					{ "time": 0, "x": 1, "y": 1 },
					{ "time": 0.8333, "x": 0.966, "y": 1 },
					{ "time": 1.5666, "x": 1, "y": 1, "curve": "stepped" },
					{ "time": 2, "x": 1, "y": 1 },
					{ "time": 2.6666, "x": 0.966, "y": 1 },
					{ "time": 3.5333, "x": 1, "y": 1 }
				]
			},
			"eye": {
				"rotate": [
					{ "time": 0, "angle": 0 },
					{ "time": 0.8333, "angle": -1.84 },
					{ "time": 1.6666, "angle": 0.93, "curve": "stepped" },
					{ "time": 2, "angle": 0.93 },
					{ "time": 2.6666, "angle": 0, "curve": "stepped" },
					{ "time": 3.5333, "angle": 0 }
				],
				"translate": [
					{ "time": 0, "x": 5.18, "y": -0.16, "curve": "stepped" },
					{ "time": 0.8333, "x": 5.18, "y": -0.16, "curve": "stepped" },
					{ "time": 1.6666, "x": 5.18, "y": -0.16, "curve": "stepped" },
					{ "time": 2, "x": 5.18, "y": -0.16, "curve": "stepped" },
					{ "time": 2.6666, "x": 5.18, "y": -0.16, "curve": "stepped" },
					{ "time": 3.5333, "x": 5.18, "y": -0.16 }
				]
			},
			"youyanzhu": {
				"translate": [
					{ "time": 0, "x": 4.41, "y": 1.23 },
					{ "time": 0.8333, "x": 1.32, "y": 5.64 },
					{ "time": 1.8333, "x": 5.72, "y": -5.05 },
					{ "time": 2.7, "x": 2.47, "y": 1.11 },
					{ "time": 3.5333, "x": 4.41, "y": 1.23 }
				]
			},
			"zuoyanzhu": {
				"translate": [
					{ "time": 0, "x": 5.18, "y": -0.24 },
					{ "time": 0.8333, "x": 3.65, "y": -5.13 },
					{ "time": 1.8333, "x": 4.7, "y": 1.49 },
					{ "time": 2.7, "x": 3.12, "y": -3.38 },
					{ "time": 3.5333, "x": 5.18, "y": -0.24 }
				]
			}
		}
	}
}
}