{
"skeleton": { "hash": "Wj8fDDiltiE4enpU4vlN/FvNOzU", "spine": "2.0.20", "width": 208.11, "height": 181.75 },
"bones": [
	{ "name": "root" },
	{ "name": "bone", "parent": "root", "length": 75.39, "x": 107.6, "y": 38.96, "rotation": 92.25 },
	{ "name": "bone2", "parent": "bone", "length": 16.96, "x": 1.05, "y": -54.93, "rotation": -108.02 },
	{
		"name": "moutch",
		"parent": "bone",
		"length": 20.44,
		"x": 87.36,
		"y": 1.47,
		"scaleX": 0.942,
		"scaleY": 0.942,
		"rotation": 179.09
	},
	{ "name": "wiba", "parent": "bone", "length": 47.75, "x": -4.43, "y": -50.89, "rotation": -10.8 },
	{ "name": "youshou", "parent": "bone", "length": 33, "x": 54.53, "y": -69.75, "rotation": -112.03 },
	{ "name": "bone3", "parent": "bone2", "length": 14.36, "x": 15.89, "y": -1.42, "rotation": 7.18 },
	{ "name": "bone4", "parent": "bone3", "length": 11.73, "x": 12, "y": -1.06, "rotation": 12 },
	{ "name": "bone5", "parent": "bone4", "length": 9.43, "x": 9.9, "y": -0.94, "rotation": 16.24 },
	{ "name": "bone6", "parent": "bone5", "length": 10.86, "x": 7.85, "y": -0.16, "rotation": 18.7 },
	{ "name": "bone7", "parent": "bone6", "length": 11.43, "x": 8.43, "y": -0.78, "rotation": 15.4 }
],
"slots": [
	{ "name": "weiba", "bone": "wiba", "attachment": "weiba" },
	{ "name": "zuoshou", "bone": "bone", "attachment": "zuoshou" },
	{ "name": "shenti", "bone": "bone", "attachment": "shenti" },
	{ "name": "youshou", "bone": "youshou", "attachment": "youshou" },
	{ "name": "youyanzhu", "bone": "bone", "attachment": "youyanzhu" },
	{ "name": "zuoyan", "bone": "bone", "attachment": "zuoyan" },
	{ "name": "zuoyanzhu", "bone": "bone", "attachment": "zuoyanzhu" },
	{ "name": "moutch", "bone": "moutch", "attachment": "moutch" },
	{ "name": "yachi", "bone": "moutch", "attachment": "yachi" },
	{ "name": "duzi", "bone": "bone", "attachment": "duzi" },
	{ "name": "duzixian", "bone": "bone", "attachment": "duzixian" },
	{ "name": "youyan", "bone": "bone", "attachment": "youyan" },
	{ "name": "youyanbai", "bone": "bone", "attachment": "youyanbai" },
	{ "name": "zuoyanbai", "bone": "bone", "attachment": "zuoyanbai" },
	{ "name": "yanxian", "bone": "bone", "attachment": "yanxian" }
],
"skins": {
	"default": {
		"duzi": {
			"duzi": { "x": 19.15, "y": 3.94, "rotation": -92.25, "width": 130, "height": 99 }
		},
		"duzixian": {
			"duzixian": { "x": 9.65, "y": 0.97, "rotation": -92.25, "width": 95, "height": 44 }
		},
		"moutch": {
			"moutch": { "x": -0.21, "y": -0.07, "scaleX": 1.061, "scaleY": 1.061, "rotation": 88.64, "width": 61, "height": 28 }
		},
		"shenti": {
			"shenti": { "x": 46.91, "y": 3.3, "rotation": -92.25, "width": 149, "height": 154 }
		},
		"weiba": {
			"weiba": {
				"type": "skinnedmesh",
				"uvs": [ 0, 0.98848, 0.27871, 0, 0.45483, 0.01237, 0.48711, 0.1221, 0.58854, 0.07692, 0.68074, 0.06401, 0.71763, 0.18665, 0.6162, 0.32865, 0.62542, 0.43192, 0.72685, 0.32864, 0.80522, 0.3351, 0.77328, 0.45705, 0.75451, 0.52874, 0.85133, 0.45774, 0.93431, 0.38028, 1, 0.28346, 1, 0.50292, 0.94353, 0.60619, 0.89282, 0.72237, 0.80061, 0.79337, 0.68535, 0.87083, 0.55165, 0.92246, 0.42717, 0.96764, 0.29808, 0.98701, 0.14594, 1, 0.47789, 0.63201, 0.80061, 0.65783, 0.86516, 0.57392 ],
				"triangles": [ 6, 7, 4, 6, 4, 5, 3, 4, 7, 3, 1, 2, 25, 3, 7, 25, 7, 8, 25, 8, 12, 0, 1, 25, 3, 25, 1, 22, 25, 21, 22, 23, 25, 25, 24, 0, 23, 24, 25, 26, 12, 27, 25, 12, 26, 19, 26, 18, 20, 25, 26, 19, 20, 26, 21, 25, 20, 11, 9, 10, 8, 9, 11, 12, 8, 11, 14, 15, 16, 27, 13, 14, 16, 27, 14, 12, 13, 27, 17, 27, 16, 18, 27, 17, 26, 27, 18 ],
				"vertices": [ 4, 9, -58.34, 22.29, 0, 8, -54.55, 2.24, 0, 7, -43.1, -14.04, 0.02361, 6, -27.25, -23.75, 0.97638, 5, 9, -8.48, 52.78, 0.0079, 8, -17.1, 47.11, 0, 7, -19.69, 39.5, 0, 6, -15.45, 33.49, 0.01135, 2, -3.63, 29.87, 0.98074, 4, 9, 1.93, 44.07, 0.01384, 8, -4.44, 42.2, 0, 6, -1.97, 35.15, 0.03444, 2, 9.53, 33.21, 0.9517, 5, 9, 0.28, 37.76, 0.02138, 8, -3.97, 35.69, 0, 7, -3.9, 32.21, 8.0E-5, 6, 1.5, 29.63, 0.06342, 2, 13.68, 28.17, 0.9151, 5, 9, 8.01, 35.04, 0.03179, 8, 4.21, 35.6, 0, 7, 3.99, 34.41, 8.0E-5, 6, 8.77, 33.42, 0.10709, 2, 20.41, 32.84, 0.86102, 4, 9, 13.33, 31.48, 0.03347, 8, 10.39, 33.92, 0, 6, 15, 34.87, 0.11503, 2, 26.42, 35.06, 0.85148, 5, 9, 12.32, 24.24, 0.03477, 8, 11.75, 26.74, 0, 7, 13.7, 28.02, 5.4E-4, 6, 19.6, 29.19, 0.11896, 2, 31.69, 29.99, 0.84571, 5, 9, 1.17, 22.42, 0.05573, 8, 1.77, 21.45, 0, 7, 5.6, 20.14, 0.02102, 6, 13.31, 19.8, 0.15766, 2, 26.62, 19.89, 0.76558, 4, 9, -1.46, 17.74, 0.15382, 7, 6.12, 14.79, 0.122, 6, 14.92, 14.68, 0.26633, 2, 28.86, 15.01, 0.45783, 4, 9, 8.18, 17.58, 0.35028, 7, 14.13, 20.19, 0.27153, 6, 21.64, 21.62, 0.23227, 2, 34.66, 22.73, 0.1459, 4, 9, 12.79, 13.66, 0.36546, 7, 20.15, 19.61, 0.27991, 6, 27.65, 22.3, 0.22728, 2, 40.54, 24.17, 0.12733, 5, 9, 6.79, 9.78, 0.36816, 8, 11.15, 11.28, 0.00173, 7, 17.45, 13, 0.27386, 6, 26.38, 15.27, 0.22027, 2, 40.16, 17.03, 0.13594, 5, 9, 3.26, 7.51, 0.46229, 8, 8.54, 7.99, 0.02884, 7, 15.86, 9.11, 0.253, 6, 25.63, 11.14, 0.15928, 2, 39.93, 12.84, 0.09658, 5, 10, 4.86, 5.84, 0.39158, 9, 11.56, 6.14, 0.57341, 7, 23.45, 12.74, 0.02201, 6, 32.31, 16.27, 0.00948, 2, 45.91, 18.76, 0.00349, 2, 10, 12.13, 3.37, 0.98175, 9, 19.23, 5.69, 0.01824, 4, 10, 19.44, 2.61, 1, 7, 35.24, 21.91, 0, 6, 41.94, 27.68, 0, 2, 54.04, 31.29, 0, 4, 10, 9.87, -4.74, 0.99993, 7, 34.8, 9.84, 4.0E-5, 6, 44.01, 15.79, 1.0E-5, 2, 57.58, 19.75, 0, 3, 10, 2.72, -4.76, 0.84355, 9, 12.32, -4.65, 0.13137, 8, 21.01, -0.62, 0.02506, 2, 10, -4.72, -5.56, 0.52334, 8, 15.3, -5.46, 0.47665, 3, 10, -12.14, -2.31, 0.07171, 9, -2.66, -6.24, 0.18512, 8, 7.33, -6.94, 0.74316, 3, 10, -20.93, 2.12, 2.3E-4, 8, -2.42, -8.19, 0.92735, 7, 9.86, -9.49, 0.07241, 4, 9, -22.24, -0.37, 0, 8, -13.09, -7.65, 0.29157, 7, -0.52, -11.95, 0.38176, 6, 13.97, -12.87, 0.32666, 4, 9, -31.39, 3.4, 0, 8, -22.97, -7, 0.052, 7, -10.19, -14.09, 0.2111, 6, 4.95, -16.97, 0.73689, 4, 9, -39.97, 8.54, 0, 8, -32.74, -4.89, 0.00811, 7, -20.16, -14.79, 0.10073, 6, -4.65, -19.72, 0.89114, 4, 9, -49.75, 15.02, 0, 8, -44.09, -1.88, 1.0E-5, 7, -31.9, -15.08, 0.04086, 6, -16.07, -22.44, 0.95911, 3, 9, -17.16, 15.79, 0.01242, 6, 5.63, 1.88, 0.29141, 2, 21.24, 1.15, 0.69616, 1, 8, 9.67, 0.13, 1, 1, 10, 0.44, 1.1, 1 ],
				"hull": 25,
				"edges": [ 0, 2, 2, 4, 4, 6, 6, 8, 8, 10, 10, 12, 12, 14, 14, 16, 16, 18, 18, 20, 20, 22, 22, 24, 24, 26, 26, 28, 28, 30, 30, 32, 32, 34, 34, 36, 36, 38, 38, 40, 40, 42, 42, 44, 44, 46, 46, 48, 0, 48, 28, 54 ],
				"width": 77,
				"height": 55
			}
		},
		"yachi": {
			"yachi": { "x": -0.44, "y": -0.6, "scaleX": 1.061, "scaleY": 1.061, "rotation": 88.64, "width": 31, "height": 11 }
		},
		"yanxian": {
			"yanxian": { "x": 138.9, "y": 0.31, "rotation": -92.25, "width": 66, "height": 17 }
		},
		"youshou": {
			"youshou": { "x": 15.8, "y": 2.85, "rotation": 19.78, "width": 54, "height": 37 }
		},
		"youyan": {
			"youyan": { "x": 138.55, "y": 22.52, "rotation": -92.25, "width": 24, "height": 24 }
		},
		"youyanbai": {
			"youyanbai": { "x": 137.78, "y": 23.28, "rotation": -92.25, "width": 23, "height": 9 }
		},
		"youyanzhu": {
			"youyanzhu": { "x": 125.44, "y": -23.2, "rotation": -92.25, "width": 13, "height": 30 }
		},
		"zuoshou": {
			"zuoshou": { "x": 46.71, "y": 82.7, "rotation": -92.25, "width": 16, "height": 56 }
		},
		"zuoyan": {
			"zuoyan": { "x": 138.92, "y": -22.87, "rotation": -92.25, "width": 25, "height": 23 }
		},
		"zuoyanbai": {
			"zuoyanbai": { "x": 137.61, "y": -23.24, "rotation": -92.25, "width": 24, "height": 9 }
		},
		"zuoyanzhu": {
			"zuoyanzhu": { "x": 125.57, "y": 22.14, "rotation": -92.25, "width": 13, "height": 30 }
		}
	}
},
"animations": {
	"a2": {
		"slots": {
			"yanxian": {
				"attachment": [
					{ "time": 0, "name": null }
				]
			},
			"youyanbai": {
				"attachment": [
					{ "time": 1.1, "name": null },
					{ "time": 1.3333, "name": "youyanbai" }
				]
			},
			"zuoyanbai": {
				"attachment": [
					{ "time": 1.1, "name": null },
					{ "time": 1.3333, "name": "zuoyanbai" }
				]
			}
		},
		"bones": {
			"youshou": {
				"rotate": [
					{ "time": 0, "angle": 0, "curve": "stepped" },
					{ "time": 1.4333, "angle": 0, "curve": "stepped" },
					{ "time": 1.7, "angle": 0, "curve": "stepped" },
					{ "time": 3.1, "angle": 0 }
				]
			},
			"wiba": {
				"rotate": [
					{ "time": 0, "angle": -5.68 },
					{ "time": 0.7, "angle": 14.9 },
					{ "time": 1.4333, "angle": -5.68, "curve": "stepped" },
					{ "time": 1.7, "angle": -5.68 },
					{ "time": 2.4, "angle": 14.9 },
					{ "time": 3.1, "angle": -5.68 }
				],
				"translate": [
					{ "time": 0, "x": -1.04, "y": 5.01, "curve": "stepped" },
					{ "time": 0.7, "x": -1.04, "y": 5.01, "curve": "stepped" },
					{ "time": 1.4333, "x": -1.04, "y": 5.01, "curve": "stepped" },
					{ "time": 1.7, "x": -1.04, "y": 5.01, "curve": "stepped" },
					{ "time": 2.4, "x": -1.04, "y": 5.01, "curve": "stepped" },
					{ "time": 3.1, "x": -1.04, "y": 5.01 }
				],
				"scale": [
					{ "time": 0, "x": 1, "y": 1, "curve": "stepped" },
					{ "time": 0.7, "x": 1, "y": 1, "curve": "stepped" },
					{ "time": 1.4333, "x": 1, "y": 1, "curve": "stepped" },
					{ "time": 1.7, "x": 1, "y": 1, "curve": "stepped" },
					{ "time": 2.4, "x": 1, "y": 1, "curve": "stepped" },
					{ "time": 3.1, "x": 1, "y": 1 }
				]
			},
			"bone": {
				"translate": [
					{ "time": 0, "x": 0, "y": 0, "curve": "stepped" },
					{ "time": 1.4333, "x": 0, "y": 0, "curve": "stepped" },
					{ "time": 1.7, "x": 0, "y": 0, "curve": "stepped" },
					{ "time": 3.1, "x": 0, "y": 0 }
				],
				"scale": [
					{ "time": 0, "x": 0.976, "y": 1 },
					{ "time": 0.7, "x": 1.016, "y": 0.956 },
					{ "time": 1.4333, "x": 0.976, "y": 1, "curve": "stepped" },
					{ "time": 1.7, "x": 0.976, "y": 1 },
					{ "time": 2.4, "x": 1.016, "y": 0.956 },
					{ "time": 3.1, "x": 0.976, "y": 1 }
				]
			},
			"bone2": {
				"rotate": [
					{ "time": 0, "angle": 0 },
					{ "time": 0.6666, "angle": -1.87 },
					{ "time": 1.4333, "angle": 0, "curve": "stepped" },
					{ "time": 1.7, "angle": 0, "curve": "stepped" },
					{ "time": 3.1, "angle": 0 }
				],
				"translate": [
					{ "time": 0, "x": 0, "y": 0, "curve": "stepped" },
					{ "time": 1.4333, "x": 0, "y": 0, "curve": "stepped" },
					{ "time": 1.7, "x": 0, "y": 0, "curve": "stepped" },
					{ "time": 3.1, "x": 0, "y": 0 }
				]
			},
			"bone3": {
				"rotate": [
					{ "time": 0, "angle": 0 },
					{ "time": 0.6666, "angle": -2.48 },
					{ "time": 1.4333, "angle": 0, "curve": "stepped" },
					{ "time": 1.7, "angle": 0 },
					{ "time": 2.5, "angle": -2.48 },
					{ "time": 3.1, "angle": 0 }
				],
				"translate": [
					{ "time": 0, "x": 0, "y": 0, "curve": "stepped" },
					{ "time": 1.4333, "x": 0, "y": 0, "curve": "stepped" },
					{ "time": 1.7, "x": 0, "y": 0, "curve": "stepped" },
					{ "time": 3.1, "x": 0, "y": 0 }
				]
			},
			"bone4": {
				"rotate": [
					{ "time": 0, "angle": 0 },
					{ "time": 0.6666, "angle": -3.68 },
					{ "time": 1.4333, "angle": 0, "curve": "stepped" },
					{ "time": 1.7, "angle": 0 },
					{ "time": 2.5, "angle": -3.68 },
					{ "time": 3.1, "angle": 0 }
				],
				"translate": [
					{ "time": 0, "x": 0, "y": 0, "curve": "stepped" },
					{ "time": 1.4333, "x": 0, "y": 0, "curve": "stepped" },
					{ "time": 1.7, "x": 0, "y": 0, "curve": "stepped" },
					{ "time": 3.1, "x": 0, "y": 0 }
				]
			},
			"bone5": {
				"rotate": [
					{ "time": 0, "angle": 0 },
					{ "time": 0.6666, "angle": -2.85 },
					{ "time": 1.4333, "angle": 0, "curve": "stepped" },
					{ "time": 1.7, "angle": 0 },
					{ "time": 2.5, "angle": -2.85 },
					{ "time": 3.1, "angle": 0 }
				],
				"translate": [
					{ "time": 0, "x": 0, "y": 0, "curve": "stepped" },
					{ "time": 1.4333, "x": 0, "y": 0, "curve": "stepped" },
					{ "time": 1.7, "x": 0, "y": 0, "curve": "stepped" },
					{ "time": 3.1, "x": 0, "y": 0 }
				]
			},
			"bone6": {
				"rotate": [
					{ "time": 0, "angle": 0 },
					{ "time": 0.6666, "angle": -1.66 },
					{ "time": 1.4333, "angle": 0, "curve": "stepped" },
					{ "time": 1.7, "angle": 0 },
					{ "time": 2.5, "angle": -1.66 },
					{ "time": 3.1, "angle": 0 }
				],
				"translate": [
					{ "time": 0, "x": 0, "y": 0, "curve": "stepped" },
					{ "time": 1.4333, "x": 0, "y": 0, "curve": "stepped" },
					{ "time": 1.7, "x": 0, "y": 0, "curve": "stepped" },
					{ "time": 3.1, "x": 0, "y": 0 }
				]
			},
			"bone7": {
				"rotate": [
					{ "time": 0, "angle": 0 },
					{ "time": 0.6666, "angle": -9.82 },
					{ "time": 1.4333, "angle": 0, "curve": "stepped" },
					{ "time": 1.7, "angle": 0 },
					{ "time": 2.5, "angle": -9.82 },
					{ "time": 3.1, "angle": 0 }
				],
				"translate": [
					{ "time": 0, "x": 0, "y": 0, "curve": "stepped" },
					{ "time": 1.4333, "x": 0, "y": 0, "curve": "stepped" },
					{ "time": 1.7, "x": 0, "y": 0, "curve": "stepped" },
					{ "time": 3.1, "x": 0, "y": 0 }
				]
			}
		}
	},
	"a3": {
		"slots": {
			"yanxian": {
				"attachment": [
					{ "time": 0, "name": null },
					{ "time": 0.1333, "name": "yanxian" },
					{ "time": 0.2, "name": "yanxian" },
					{ "time": 0.3333, "name": null }
				]
			},
			"youyanbai": {
				"attachment": [
					{ "time": 0.1333, "name": null },
					{ "time": 0.2, "name": null },
					{ "time": 0.3333, "name": "youyanbai" }
				]
			},
			"zuoyanbai": {
				"attachment": [
					{ "time": 0.1333, "name": null },
					{ "time": 0.2, "name": null },
					{ "time": 0.3333, "name": "zuoyanbai" }
				]
			}
		},
		"bones": {
			"bone": {
				"rotate": [
					{ "time": 0, "angle": 0 },
					{ "time": 0.1333, "angle": -5.67, "curve": "stepped" },
					{ "time": 0.2, "angle": -5.67 },
					{ "time": 0.3333, "angle": 0 }
				],
				"translate": [
					{ "time": 0, "x": 0, "y": 0 },
					{ "time": 0.1333, "x": 0, "y": 25.91, "curve": "stepped" },
					{ "time": 0.2, "x": 0, "y": 25.91 },
					{ "time": 0.3333, "x": 0, "y": 0 }
				],
				"scale": [
					{ "time": 0, "x": 1, "y": 1 },
					{ "time": 0.1333, "x": 1.172, "y": 0.975, "curve": "stepped" },
					{ "time": 0.2, "x": 1.172, "y": 0.975 },
					{ "time": 0.3333, "x": 1, "y": 1 }
				]
			},
			"bone2": {
				"rotate": [
					{ "time": 0, "angle": 0 },
					{ "time": 0.1333, "angle": -5.34, "curve": "stepped" },
					{ "time": 0.2, "angle": -5.34 },
					{ "time": 0.3333, "angle": 0 }
				]
			},
			"bone3": {
				"rotate": [
					{ "time": 0, "angle": 0 },
					{ "time": 0.1333, "angle": -5.34, "curve": "stepped" },
					{ "time": 0.2, "angle": -5.34 },
					{ "time": 0.3333, "angle": 0 }
				]
			},
			"bone4": {
				"rotate": [
					{ "time": 0, "angle": 0 },
					{ "time": 0.1333, "angle": -5.34, "curve": "stepped" },
					{ "time": 0.2, "angle": -5.34 },
					{ "time": 0.3333, "angle": 0 }
				]
			},
			"bone5": {
				"rotate": [
					{ "time": 0, "angle": 0 },
					{ "time": 0.1333, "angle": -5.34, "curve": "stepped" },
					{ "time": 0.2, "angle": -5.34 },
					{ "time": 0.3333, "angle": 0 }
				]
			},
			"bone6": {
				"rotate": [
					{ "time": 0, "angle": 0 },
					{ "time": 0.1333, "angle": -16.49, "curve": "stepped" },
					{ "time": 0.2, "angle": -16.49 },
					{ "time": 0.3333, "angle": 0 }
				]
			},
			"bone7": {
				"rotate": [
					{ "time": 0, "angle": 0 },
					{ "time": 0.1333, "angle": -16.49, "curve": "stepped" },
					{ "time": 0.2, "angle": -16.49 },
					{ "time": 0.3333, "angle": 0 }
				]
			},
			"youshou": {
				"rotate": [
					{ "time": 0, "angle": 0 },
					{ "time": 0.2333, "angle": 18.77 },
					{ "time": 0.4666, "angle": -0.7 }
				]
			},
			"moutch": {
				"translate": [
					{ "time": 0, "x": 0, "y": 0 }
				],
				"scale": [
					{ "time": 0, "x": 1, "y": 1 },
					{ "time": 0.2333, "x": 1.206, "y": 0.974 },
					{ "time": 0.4666, "x": 0.992, "y": 0.998 }
				]
			}
		}
	},
	"animation": {
		"slots": {
			"yanxian": {
				"attachment": [
					{ "time": 0, "name": null }
				]
			},
			"youyanbai": {
				"attachment": [
					{ "time": 0.2666, "name": null },
					{ "time": 0.4, "name": "youyanbai" }
				]
			},
			"zuoyanbai": {
				"attachment": [
					{ "time": 0.2666, "name": null },
					{ "time": 0.4, "name": "zuoyanbai" }
				]
			}
		},
		"bones": {
			"bone": {
				"translate": [
					{ "time": 0, "x": 0, "y": 0, "curve": "stepped" },
					{ "time": 1.0333, "x": 0, "y": 0 }
				],
				"scale": [
					{ "time": 0, "x": 1, "y": 1 },
					{ "time": 0.5, "x": 1.138, "y": 0.939 },
					{ "time": 1.0333, "x": 1, "y": 1 }
				]
			},
			"wiba": {
				"rotate": [
					{ "time": 0, "angle": -5.68 },
					{ "time": 0.5, "angle": 14.9 },
					{ "time": 1.0333, "angle": -5.68 }
				],
				"translate": [
					{ "time": 0, "x": -1.04, "y": 5.01, "curve": "stepped" },
					{ "time": 0.5, "x": -1.04, "y": 5.01, "curve": "stepped" },
					{ "time": 1.0333, "x": -1.04, "y": 5.01 }
				],
				"scale": [
					{ "time": 0, "x": 1, "y": 1, "curve": "stepped" },
					{ "time": 0.5, "x": 1, "y": 1, "curve": "stepped" },
					{ "time": 1.0333, "x": 1, "y": 1 }
				]
			},
			"youshou": {
				"rotate": [
					{ "time": 0, "angle": 0 },
					{ "time": 0.5, "angle": -10.96 },
					{ "time": 1.0333, "angle": 0 }
				]
			},
			"bone5": {
				"rotate": [
					{ "time": 0, "angle": 0 },
					{ "time": 0.5, "angle": -21.26 },
					{ "time": 1.0333, "angle": 0 }
				]
			},
			"bone6": {
				"rotate": [
					{ "time": 0, "angle": 0 },
					{ "time": 0.5, "angle": -15.06 },
					{ "time": 1.0333, "angle": 0 }
				]
			},
			"bone7": {
				"rotate": [
					{ "time": 0, "angle": 0 },
					{ "time": 0.5, "angle": -25.84 },
					{ "time": 1.0333, "angle": 0 }
				]
			},
			"bone4": {
				"rotate": [
					{ "time": 0.5, "angle": 0.14 }
				]
			}
		}
	}
}
}