{
"skeleton": { "spine": "1.9.17", "hash": "6gb0l8ZcHrJdm8vW+bpoT7VHebQ", "width": 690, "height": 195.66 },
"bones": [
	{ "name": "root" }
],
"slots": [
	{ "name": "light_blue", "bone": "root", "attachment": "light_blue" },
	{ "name": "light1", "bone": "root", "attachment": "light1" },
	{ "name": "light2", "bone": "root", "attachment": "light2" }
],
"skins": {
	"default": {
		"light1": {
			"light1": { "x": 344.96, "y": 29.06, "width": 603, "height": 63 }
		},
		"light2": {
			"light2": { "x": 345.82, "y": 40.17, "width": 690, "height": 81 }
		},
		"light_blue": {
			"light_blue": { "x": 344.68, "y": 141.22, "width": 554, "height": 104 }
		}
	}
},
"animations": {
	"animation": {
		"slots": {
			"light1": {
				"color": [
					{ "time": 0, "color": "ffffffff" },
					{ "time": 1, "color": "ffffff00" },
					{ "time": 2, "color": "ffffffff" },
					{ "time": 3, "color": "ffffff00" },
					{ "time": 4, "color": "ffffffff" }
				]
			},
			"light2": {
				"color": [
					{ "time": 0, "color": "ffffff00" },
					{ "time": 1, "color": "ffffffff" },
					{ "time": 2, "color": "ffffff00" },
					{ "time": 3, "color": "ffffffff" },
					{ "time": 4, "color": "ffffff00" }
				]
			},
			"light_blue": {
				"color": [
					{ "time": 0, "color": "ffffffff" },
					{ "time": 1, "color": "fa81ffff" },
					{ "time": 2, "color": "ffe51aff" },
					{ "time": 3, "color": "fa81ffff" },
					{ "time": 4, "color": "ffffffff" }
				]
			}
		}
	}
}
}