{
"skeleton": { "spine": "1.9.17", "hash": "hgQbAUI1DG7v+Jymcmc0QdLr3mI", "width": 115, "height": 116 },
"bones": [
	{ "name": "root" },
	{ "name": "bone", "parent": "root", "x": 58.64, "y": 59.49 }
],
"slots": [
	{ "name": "coin1", "bone": "root" },
	{ "name": "coin12", "bone": "bone", "attachment": "coin1" }
],
"skins": {
	"default": {
		"coin12": {
			"coin1": { "width": 115, "height": 116 },
			"coin2": { "width": 88, "height": 119 },
			"coin3": { "width": 100, "height": 93 },
			"coin4": { "width": 83, "height": 104 },
			"coin5": { "width": 106, "height": 108 },
			"coin6": { "width": 109, "height": 118 },
			"coin7": { "width": 109, "height": 104 },
			"coin8": { "width": 107, "height": 83 },
			"coin9": { "width": 116, "height": 48 },
			"coin10": { "width": 110, "height": 73 },
			"coin11": { "width": 113, "height": 73 },
			"coin12": { "width": 117, "height": 112 },
			"coin13": { "width": 117, "height": 112 }
		}
	}
},
"animations": {
	"animation": {
		"slots": {
			"coin12": {
				"attachment": [
					{ "time": 0, "name": "coin1" },
					{ "time": 0.0333, "name": "coin2" },
					{ "time": 0.0666, "name": "coin3" },
					{ "time": 0.1, "name": "coin4" },
					{ "time": 0.1333, "name": "coin5" },
					{ "time": 0.1666, "name": "coin6" },
					{ "time": 0.2, "name": "coin7" },
					{ "time": 0.2333, "name": "coin8" },
					{ "time": 0.2666, "name": "coin9" },
					{ "time": 0.3, "name": "coin10" },
					{ "time": 0.3333, "name": "coin11" },
					{ "time": 0.3666, "name": "coin12" },
					{ "time": 0.4, "name": "coin13" }
				]
			}
		}
	}
}
}