{
"skeleton": { "spine": "1.9.17", "hash": "2wi/G/wUXV04CvRYSPKkJpacYco", "width": 794, "height": 270.82 },
"bones": [
	{ "name": "root", "x": -1 },
	{ "name": "bone", "parent": "root", "x": 374.54, "y": 4.4 },
	{ "name": "bone2", "parent": "root", "x": 406.18, "y": 4.4 },
	{ "name": "bone3", "parent": "root", "x": 403.3, "y": 254.61 }
],
"slots": [
	{ "name": "third_level_summary_boss_background", "bone": "root" },
	{ "name": "third_level_summary_boss_curtain_light", "bone": "bone3", "attachment": "third_level_summary_boss_curtain_light" },
	{ "name": "third_level_summary_boss_light1", "bone": "bone", "attachment": "third_level_summary_boss_light1" },
	{ "name": "third_level_summary_boss_light2", "bone": "bone2", "attachment": "third_level_summary_boss_light2" }
],
"skins": {
	"default": {
		"third_level_summary_boss_curtain_light": {
			"third_level_summary_boss_curtain_light": { "x": -4.7, "y": -81, "width": 794, "height": 196 }
		},
		"third_level_summary_boss_light1": {
			"third_level_summary_boss_light1": { "x": 30.63, "y": 2.38, "width": 521, "height": 12 }
		},
		"third_level_summary_boss_light2": {
			"third_level_summary_boss_light2": { "x": -1, "y": 2.38, "width": 585, "height": 12 }
		}
	}
},
"animations": {
	"animation": {
		"slots": {
			"third_level_summary_boss_curtain_light": {
				"color": [
					{ "time": 0, "color": "ffffff00" },
					{ "time": 1, "color": "ffffffff" },
					{ "time": 2, "color": "ffffff00" },
					{ "time": 3, "color": "ffffffff" },
					{ "time": 4, "color": "ffffff00" }
				]
			},
			"third_level_summary_boss_light1": {
				"color": [
					{ "time": 0, "color": "a242ff3c" },
					{ "time": 2, "color": "ffffffff" },
					{ "time": 4, "color": "a242ff3c" }
				]
			},
			"third_level_summary_boss_light2": {
				"color": [
					{ "time": 0, "color": "ffffffff" },
					{ "time": 2, "color": "a242ff3c" },
					{ "time": 4, "color": "ffffffff" }
				]
			}
		}
	}
}
}