{
"skeleton": {
	"hash": "h4mS+DUAYiZftEGHfD6WUnLxNcQ",
	"spine": "2.0.23",
	"width": 167.91,
	"height": 106.21,
	"images": "/Users/wangsiyu/Desktop/ /单词游戏/第一关/选小关动画/chuan"
},
"bones": [
	{ "name": "root" },
	{ "name": "bone", "parent": "root", "length": 83.61, "x": 118.63, "y": 79.05, "rotation": -59.1 },
	{ "name": "bone2", "parent": "bone", "length": 42.04, "x": 85.76, "y": 1.5, "rotation": 57.47 }
],
"slots": [
	{ "name": "chuan_boat", "bone": "root", "attachment": "chuan_boat" },
	{ "name": "chuan_boern_1", "bone": "bone2", "attachment": "chuan_boern_1" },
	{ "name": "chuan_xian", "bone": "bone", "attachment": "chuan_xian" }
],
"skins": {
	"default": {
		"chuan_boat": {
			"chuan_boat": { "x": 81.99, "y": 48.99, "width": 160, "height": 92 }
		},
		"chuan_boern_1": {
			"chuan_boern_1": { "x": 12.84, "y": 0.04, "rotation": 1.63, "width": 51, "height": 10 }
		},
		"chuan_xian": {
			"chuan_xian": { "x": 41.38, "y": -0.27, "rotation": 76.65, "width": 26, "height": 89 }
		}
	}
},
"animations": {
	"animation": {
		"bones": {
			"bone": {
				"rotate": [
					{ "time": 0, "angle": -10.57 },
					{ "time": 1.6666, "angle": -36.1, "curve": "stepped" },
					{ "time": 1.8, "angle": -36.1 },
					{ "time": 3.5666, "angle": -10.57, "curve": "stepped" },
					{ "time": 3.7, "angle": -10.57 }
				],
				"translate": [
					{ "time": 0, "x": 0, "y": 0 },
					{ "time": 1.6666, "x": -1.26, "y": -0.31, "curve": "stepped" },
					{ "time": 1.8, "x": -1.26, "y": -0.31 },
					{ "time": 3.5666, "x": 0, "y": 0, "curve": "stepped" },
					{ "time": 3.7, "x": 0, "y": 0 }
				]
			},
			"bone2": {
				"rotate": [
					{ "time": 0, "angle": 10.26 },
					{ "time": 1.6666, "angle": 396.11, "curve": "stepped" },
					{ "time": 1.8, "angle": 396.11 },
					{ "time": 3.5666, "angle": 10.26, "curve": "stepped" },
					{ "time": 3.7, "angle": 10.26 }
				],
				"translate": [
					{ "time": 0, "x": 0, "y": 0, "curve": "stepped" },
					{ "time": 1.6666, "x": 0, "y": 0, "curve": "stepped" },
					{ "time": 1.8, "x": 0, "y": 0, "curve": "stepped" },
					{ "time": 3.5666, "x": 0, "y": 0, "curve": "stepped" },
					{ "time": 3.7, "x": 0, "y": 0 }
				]
			}
		}
	}
}
}