{
"skeleton": { "hash": "9MrkQgrBEGQ05/gF1Ju2ittR2TE", "spine": "2.1.05", "width": 170, "height": 170, "images": "./popcorn/" },
"bones": [
	{ "name": "root" },
	{ "name": "bone", "parent": "root" }
],
"slots": [
	{ "name": "main", "bone": "bone", "attachment": "popcorn_bomb9" }
],
"skins": {
	"default": {
		"main": {
			"popcorn_bomb1": { "width": 170, "height": 170 },
			"popcorn_bomb2": { "width": 170, "height": 170 },
			"popcorn_bomb3": { "width": 170, "height": 170 },
			"popcorn_bomb4": { "width": 170, "height": 170 },
			"popcorn_bomb5": { "width": 170, "height": 170 },
			"popcorn_bomb6": { "width": 170, "height": 170 },
			"popcorn_bomb7": { "width": 170, "height": 170 },
			"popcorn_bomb8": { "width": 170, "height": 170 },
			"popcorn_bomb9": { "width": 170, "height": 170 },
			"popcorn_first": { "width": 144, "height": 154 },
			"popcorn_normal": { "width": 106, "height": 117 },
			"popcorn_select": { "width": 118, "height": 129 }
		}
	}
},
"animations": {
	"bomb": {
		"slots": {
			"main": {
				"attachment": [
					{ "time": 0, "name": "popcorn_bomb1" },
					{ "time": 0.0333, "name": "popcorn_bomb2" },
					{ "time": 0.0666, "name": "popcorn_bomb3" },
					{ "time": 0.1, "name": "popcorn_bomb4" },
					{ "time": 0.1333, "name": "popcorn_bomb5" },
					{ "time": 0.1666, "name": "popcorn_bomb6" },
					{ "time": 0.2, "name": "popcorn_bomb7" },
					{ "time": 0.2333, "name": "popcorn_bomb8" },
					{ "time": 0.2666, "name": "popcorn_bomb9" }
				]
			}
		}
	},
	"first": {
		"slots": {
			"main": {
				"attachment": [
					{ "time": 0, "name": "popcorn_first" }
				]
			}
		}
	},
	"normal": {
		"slots": {
			"main": {
				"attachment": [
					{ "time": 0, "name": "popcorn_normal" }
				]
			}
		}
	},
	"select": {
		"slots": {
			"main": {
				"attachment": [
					{ "time": 0, "name": "popcorn_select" }
				]
			}
		}
	}
}
}