{
"skeleton": {
	"hash": "ElXcEo9/EUKD606+NFmbybZIFdU",
	"spine": "2.0.22",
	"width": 523.94,
	"height": 286.83,
	"images": "/Users/wangsiyu/Desktop/ /单词游戏/第一关/学习测试界面动画/3颗星星"
},
"bones": [
	{ "name": "root" },
	{ "name": "bone", "parent": "root", "x": -139.76, "y": -28 },
	{ "name": "bone2", "parent": "root", "x": -135.96, "y": -78.84 },
	{ "name": "bone3", "parent": "root", "x": -0.62, "y": 160.29 },
	{ "name": "bone4", "parent": "root", "x": 0.87, "y": -94.62 },
	{ "name": "bone5", "parent": "root", "x": 280.01, "y": 139.72 },
	{ "name": "bone6", "parent": "root", "x": 134.25, "y": -86.62 }
],
"slots": [
	{ "name": "star_gray_public", "bone": "bone4", "attachment": "star_gray_public" },
	{ "name": "star_gray_public2", "bone": "bone6", "attachment": "star_gray_public" },
	{ "name": "star_gray_public3", "bone": "bone2", "attachment": "star_gray_public" },
	{ "name": "star_yellow_public", "bone": "bone", "attachment": "star_yellow_public" },
	{ "name": "star_yellow_public2", "bone": "bone3", "attachment": "star_yellow_public" },
	{ "name": "star_yellow_public3", "bone": "bone5", "attachment": "star_yellow_public" }
],
"skins": {
	"default": {
		"star_gray_public": {
			"star_gray_public": { "x": -0.87, "y": 94.62, "width": 109, "height": 106 }
		},
		"star_gray_public2": {
			"star_gray_public": { "x": -1.41, "y": 61.07, "width": 109, "height": 106 }
		},
		"star_gray_public3": {
			"star_gray_public": { "x": -1.96, "y": 53.86, "width": 109, "height": 106 }
		},
		"star_yellow_public": {
			"star_yellow_public": { "x": 0.47, "y": 5.03, "width": 106, "height": 102 }
		},
		"star_yellow_public2": {
			"star_yellow_public": { "x": -0.87, "y": -3, "width": 106, "height": 102 }
		},
		"star_yellow_public3": {
			"star_yellow_public": { "x": -1.48, "y": 13.81, "width": 106, "height": 102 }
		}
	}
},
"animations": {
	"animation_1_star": {
		"slots": {
			"star_yellow_public2": {
				"color": [
					{ "time": 0, "color": "ffffff00" }
				]
			},
			"star_yellow_public3": {
				"color": [
					{ "time": 0, "color": "ffffff00" }
				]
			}
		},
		"bones": {
			"bone": {
				"translate": [
					{ "time": 0, "x": -148.89, "y": 174.99 },
					{ "time": 0.1666, "x": 0, "y": 0 },
					{ "time": 0.2333, "x": 12.01, "y": -12.01 },
					{ "time": 0.3333, "x": -8, "y": 8 },
					{ "time": 0.4333, "x": 0, "y": 0 }
				],
				"scale": [
					{ "time": 0, "x": 1.3, "y": 1.3 },
					{ "time": 0.1666, "x": 1, "y": 1 },
					{ "time": 0.2333, "x": 0.8, "y": 0.8 },
					{ "time": 0.3333, "x": 1, "y": 1, "curve": "stepped" },
					{ "time": 0.4333, "x": 1, "y": 1 }
				]
			},
			"bone2": {
				"translate": [
					{ "time": 0.1666, "x": 0, "y": 0 },
					{ "time": 0.2333, "x": 11.44, "y": -1.91 },
					{ "time": 0.3333, "x": -8.16, "y": 7.5 },
					{ "time": 0.4333, "x": 0, "y": 0 }
				],
				"scale": [
					{ "time": 0.1666, "x": 1, "y": 1 },
					{ "time": 0.2333, "x": 0.8, "y": 0.8 },
					{ "time": 0.3333, "x": 1, "y": 1, "curve": "stepped" },
					{ "time": 0.4333, "x": 1, "y": 1 }
				]
			}
		}
	},
	"animation_2_star": {
		"slots": {
			"star_yellow_public2": {
				"color": [
					{ "time": 0, "color": "ffffff00", "curve": "stepped" },
					{ "time": 0.2333, "color": "ffffff00" },
					{ "time": 0.2666, "color": "ffffffff" }
				]
			},
			"star_yellow_public3": {
				"color": [
					{ "time": 0, "color": "ffffff00" }
				]
			}
		},
		"bones": {
			"bone2": {
				"translate": [
					{ "time": 0.1666, "x": 0, "y": 0 },
					{ "time": 0.2333, "x": 11.44, "y": -1.91 },
					{ "time": 0.3333, "x": -8.16, "y": 7.5 },
					{ "time": 0.4333, "x": 0, "y": 0 }
				],
				"scale": [
					{ "time": 0.1666, "x": 1, "y": 1 },
					{ "time": 0.2333, "x": 0.8, "y": 0.8 },
					{ "time": 0.3333, "x": 1.05, "y": 1 },
					{ "time": 0.4333, "x": 1, "y": 1 }
				]
			},
			"bone": {
				"translate": [
					{ "time": 0, "x": -148.89, "y": 174.99 },
					{ "time": 0.1666, "x": 0, "y": 0 },
					{ "time": 0.2333, "x": 12.01, "y": -12.01 },
					{ "time": 0.3333, "x": -8, "y": 8 },
					{ "time": 0.4333, "x": 0, "y": 0 }
				],
				"scale": [
					{ "time": 0, "x": 1.3, "y": 1.3 },
					{ "time": 0.1666, "x": 1, "y": 1 },
					{ "time": 0.2333, "x": 0.8, "y": 0.8 },
					{ "time": 0.3333, "x": 1.05, "y": 1.05 },
					{ "time": 0.4333, "x": 1, "y": 1 }
				]
			},
			"bone3": {
				"translate": [
					{ "time": 0.2666, "x": 0.62, "y": 79.53 },
					{ "time": 0.4333, "x": 0.62, "y": -155.46 },
					{ "time": 0.5, "x": 0.62, "y": -174.83 },
					{ "time": 0.6, "x": 0.62, "y": -145.65 },
					{ "time": 0.7, "x": 0.62, "y": -155.46 }
				],
				"scale": [
					{ "time": 0.2666, "x": 1.3, "y": 1.3 },
					{ "time": 0.4333, "x": 1, "y": 1 },
					{ "time": 0.5, "x": 0.8, "y": 0.8 },
					{ "time": 0.6, "x": 1.05, "y": 1.05 },
					{ "time": 0.7, "x": 1, "y": 1 }
				]
			},
			"bone4": {
				"translate": [
					{ "time": 0.4333, "x": 0, "y": 0, "curve": "stepped" },
					{ "time": 0.5, "x": 0, "y": 0 },
					{ "time": 0.6, "x": 0, "y": 4.52 },
					{ "time": 0.7, "x": 0, "y": 0 }
				],
				"scale": [
					{ "time": 0.4333, "x": 1, "y": 1 },
					{ "time": 0.5, "x": 0.8, "y": 0.8 },
					{ "time": 0.6, "x": 1.05, "y": 1.05 },
					{ "time": 0.7, "x": 1, "y": 1 }
				]
			}
		}
	},
	"animation_3_star": {
		"slots": {
			"star_yellow_public2": {
				"color": [
					{ "time": 0, "color": "ffffff00", "curve": "stepped" },
					{ "time": 0.2333, "color": "ffffff00" },
					{ "time": 0.2666, "color": "ffffffff" }
				]
			},
			"star_yellow_public3": {
				"color": [
					{ "time": 0, "color": "ffffff00", "curve": "stepped" },
					{ "time": 0.5, "color": "ffffff00" },
					{ "time": 0.5333, "color": "ffffffff" }
				]
			}
		},
		"bones": {
			"bone": {
				"translate": [
					{ "time": 0, "x": -148.89, "y": 174.99 },
					{ "time": 0.1666, "x": 0, "y": 0 },
					{ "time": 0.2333, "x": 12.01, "y": -12.01 },
					{ "time": 0.3333, "x": -8, "y": 8 },
					{ "time": 0.4333, "x": 0, "y": 0 }
				],
				"scale": [
					{ "time": 0, "x": 1.3, "y": 1.3 },
					{ "time": 0.1666, "x": 1, "y": 1 },
					{ "time": 0.2333, "x": 0.8, "y": 0.8 },
					{ "time": 0.3333, "x": 1.05, "y": 1.05 },
					{ "time": 0.4333, "x": 1, "y": 1 }
				]
			},
			"bone2": {
				"translate": [
					{ "time": 0.1666, "x": 0, "y": 0 },
					{ "time": 0.2333, "x": 11.44, "y": -1.91 },
					{ "time": 0.3333, "x": -8.16, "y": 7.5 },
					{ "time": 0.4333, "x": 0, "y": 0 }
				],
				"scale": [
					{ "time": 0.1666, "x": 1, "y": 1 },
					{ "time": 0.2333, "x": 0.8, "y": 0.8 },
					{ "time": 0.3333, "x": 1.05, "y": 1 },
					{ "time": 0.4333, "x": 1, "y": 1 }
				]
			},
			"bone3": {
				"translate": [
					{ "time": 0.2666, "x": 0.62, "y": 79.53 },
					{ "time": 0.4333, "x": 0.62, "y": -155.46 },
					{ "time": 0.5, "x": 0.62, "y": -174.83 },
					{ "time": 0.6, "x": 0.62, "y": -145.65 },
					{ "time": 0.7, "x": 0.62, "y": -155.46 }
				],
				"scale": [
					{ "time": 0.2666, "x": 1.3, "y": 1.3 },
					{ "time": 0.4333, "x": 1, "y": 1 },
					{ "time": 0.5, "x": 0.8, "y": 0.8 },
					{ "time": 0.6, "x": 1.05, "y": 1.05 },
					{ "time": 0.7, "x": 1, "y": 1 }
				]
			},
			"bone4": {
				"translate": [
					{ "time": 0.4333, "x": 0, "y": 0, "curve": "stepped" },
					{ "time": 0.5, "x": 0, "y": 0 },
					{ "time": 0.6, "x": 0, "y": 4.52 },
					{ "time": 0.7, "x": 0, "y": 0 }
				],
				"scale": [
					{ "time": 0.4333, "x": 1, "y": 1 },
					{ "time": 0.5, "x": 0.8, "y": 0.8 },
					{ "time": 0.6, "x": 1.05, "y": 1.05 },
					{ "time": 0.7, "x": 1, "y": 1 }
				]
			},
			"bone5": {
				"translate": [
					{ "time": 0.5333, "x": 0, "y": 0 },
					{ "time": 0.7, "x": -147.69, "y": -176.86 },
					{ "time": 0.7666, "x": -158.36, "y": -187.53 },
					{ "time": 0.8666, "x": -140.07, "y": -170 },
					{ "time": 0.9666, "x": -147.69, "y": -176.86 }
				],
				"scale": [
					{ "time": 0.5333, "x": 1.3, "y": 1.3 },
					{ "time": 0.7, "x": 1, "y": 1 },
					{ "time": 0.7666, "x": 0.8, "y": 0.8 },
					{ "time": 0.8666, "x": 1.05, "y": 1.05 },
					{ "time": 0.9666, "x": 1, "y": 1 }
				]
			},
			"bone6": {
				"translate": [
					{ "time": 0.5333, "x": -1.12, "y": 0.49, "curve": "stepped" },
					{ "time": 0.7, "x": -1.12, "y": 0.49 },
					{ "time": 0.7666, "x": -11.61, "y": -0.2 },
					{ "time": 0.8666, "x": 7.41, "y": 4.47 },
					{ "time": 0.9666, "x": -1.12, "y": 0.49 }
				],
				"scale": [
					{ "time": 0.5333, "x": 1, "y": 1, "curve": "stepped" },
					{ "time": 0.7, "x": 1, "y": 1 },
					{ "time": 0.7666, "x": 0.8, "y": 0.8 },
					{ "time": 0.8666, "x": 1.05, "y": 1.05 },
					{ "time": 0.9666, "x": 1, "y": 1 }
				]
			}
		}
	},
	"animation_no_star": {
		"slots": {
			"star_yellow_public": {
				"color": [
					{ "time": 0, "color": "ffffff00" }
				]
			},
			"star_yellow_public2": {
				"color": [
					{ "time": 0, "color": "ffffff00" }
				]
			},
			"star_yellow_public3": {
				"color": [
					{ "time": 0, "color": "ffffff00" }
				]
			}
		}
	}
}
}