{
"skeleton": { "hash": "ee94Z49Z68oHMh0dE6vEhoHzasg", "spine": "2.0.23", "width": 269.49, "height": 304.7, "images": "./3zlstanchujianxiao/" },
"bones": [
	{ "name": "root", "x": 1.16, "y": 10.47, "rotation": 0.47 },
	{ "name": "bone", "parent": "root", "length": 103.6, "x": 158.94, "y": 17.28, "rotation": -89.54 },
	{ "name": "erduo", "parent": "bone", "length": 46.14, "x": -201.64, "y": -3.74, "rotation": -2.25 }
],
"slots": [
	{ "name": "foot", "bone": "bone", "attachment": "foot" },
	{ "name": "face", "bone": "bone", "attachment": "face" },
	{ "name": "bizi", "bone": "bone" },
	{ "name": "yinying", "bone": "bone", "attachment": "yinying" },
	{ "name": "lift eye", "bone": "bone", "attachment": "lift eye" },
	{ "name": "moutch", "bone": "bone", "attachment": "moutch" },
	{ "name": "mozi", "bone": "bone" },
	{ "name": "right", "bone": "bone", "attachment": "right" },
	{ "name": "bai eye", "bone": "bone", "attachment": "bai eye" },
	{ "name": "youbaieye", "bone": "bone", "attachment": "youbaieye" },
	{ "name": "yachi", "bone": "bone", "attachment": "yachi" },
	{ "name": "erduo副本", "bone": "erduo" },
	{ "name": "liuhai副本", "bone": "bone" },
	{ "name": "toufa副本", "bone": "bone" },
	{ "name": "bizi2", "bone": "bone" },
	{ "name": "gunzi", "bone": "bone" },
	{ "name": "mozi2", "bone": "bone" },
	{ "name": "erduo副本2", "bone": "erduo", "attachment": "erduo副本" },
	{ "name": "liuhai副本2", "bone": "bone", "attachment": "liuhai副本" },
	{ "name": "toufa副本2", "bone": "bone", "attachment": "toufa副本" }
],
"skins": {
	"default": {
		"bai eye": {
			"bai eye": { "x": -140.3, "y": 29.41, "rotation": 89.27, "width": 39, "height": 18 }
		},
		"erduo副本2": {
			"erduo副本": { "x": -15.59, "y": -7.6, "rotation": 91.79, "width": 144, "height": 111 }
		},
		"face": {
			"face": { "x": -128.16, "y": -7.71, "rotation": 89.27, "width": 159, "height": 157 }
		},
		"foot": {
			"foot": { "x": -34.26, "y": -1.92, "rotation": 89.27, "width": 269, "height": 130 }
		},
		"lift eye": {
			"lift eye": { "x": -143.06, "y": 29.11, "rotation": 89.27, "width": 43, "height": 44 }
		},
		"liuhai副本2": {
			"liuhai副本": { "x": -190.87, "y": -9.61, "rotation": 88.19, "width": 100, "height": 44 }
		},
		"moutch": {
			"moutch": { "x": -94.39, "y": -8.07, "rotation": 89.27, "width": 66, "height": 28 }
		},
		"right": {
			"right": { "x": -141.93, "y": -45.55, "rotation": 89.27, "width": 44, "height": 44 }
		},
		"toufa副本2": {
			"toufa副本": { "x": -123.59, "y": -12.16, "rotation": 89.54, "width": 191, "height": 128 }
		},
		"yachi": {
			"yachi": { "x": -93.55, "y": -8.18, "rotation": 89.68, "width": 50, "height": 15 }
		},
		"yinying": {
			"yinying": { "x": -113.76, "y": -8.43, "rotation": 89.54, "width": 111, "height": 80 }
		},
		"youbaieye": {
			"youbaieye": { "x": -140.53, "y": -44.16, "scaleX": 1.031, "scaleY": 1.031, "rotation": 89.27, "width": 40, "height": 18 }
		}
	}
},
"animations": {
	"animation": {
		"slots": {
			"bai eye": {
				"attachment": [
					{ "time": 1.3333, "name": null },
					{ "time": 1.7333, "name": "bai eye" },
					{ "time": 3.1666, "name": null },
					{ "time": 3.4666, "name": "bai eye" },
					{ "time": 5.1, "name": null },
					{ "time": 5.4333, "name": "bai eye" },
					{ "time": 7.5666, "name": null },
					{ "time": 7.8666, "name": "bai eye" },
					{ "time": 8.8666, "name": null },
					{ "time": 9.1666, "name": "bai eye" },
					{ "time": 12.5333, "name": null },
					{ "time": 12.8333, "name": "bai eye" },
					{ "time": 13.9666, "name": null },
					{ "time": 14.2666, "name": "bai eye" }
				]
			},
			"yachi": {
				"attachment": [
					{ "time": 0, "name": null },
					{ "time": 1.2333, "name": "yachi" }
				]
			},
			"youbaieye": {
				"attachment": [
					{ "time": 1.3333, "name": null },
					{ "time": 1.7333, "name": "youbaieye" },
					{ "time": 3.1666, "name": null },
					{ "time": 3.4666, "name": "youbaieye" },
					{ "time": 5.1, "name": null },
					{ "time": 5.4333, "name": "youbaieye" },
					{ "time": 7.5666, "name": null },
					{ "time": 7.8666, "name": "youbaieye" },
					{ "time": 8.8666, "name": null },
					{ "time": 9.1666, "name": "youbaieye" },
					{ "time": 12.5333, "name": null },
					{ "time": 12.8333, "name": "youbaieye" },
					{ "time": 13.9666, "name": null },
					{ "time": 14.2666, "name": "youbaieye" }
				]
			}
		},
		"bones": {
			"bone": {
				"scale": [
					{
						"time": 0,
						"x": 0.01,
						"y": 0.01,
						"curve": [ 1, -0.02, 0.75, 1 ]
					},
					{
						"time": 0.4,
						"x": 1,
						"y": 1.069,
						"curve": [ 0, 0, 1, 1 ]
					},
					{ "time": 0.7, "x": 0.857, "y": 0.857 },
					{
						"time": 1,
						"x": 1,
						"y": 1.059,
						"curve": [ 0, 0, 1, 1 ]
					},
					{ "time": 1.2333, "x": 0.95, "y": 0.968, "curve": "stepped" },
					{ "time": 1.8333, "x": 0.95, "y": 0.968 },
					{ "time": 1.9333, "x": 0.859, "y": 0.984 },
					{ "time": 2.0333, "x": 1.012, "y": 0.968 },
					{ "time": 2.1333, "x": 0.859, "y": 0.984 },
					{ "time": 2.2333, "x": 1.017, "y": 0.968 },
					{ "time": 2.3333, "x": 0.859, "y": 0.984 },
					{ "time": 2.4333, "x": 1.012, "y": 0.968 },
					{ "time": 2.5333, "x": 0.859, "y": 0.984 },
					{ "time": 2.6333, "x": 1.017, "y": 0.968 },
					{ "time": 2.7333, "x": 0.859, "y": 0.984, "curve": "stepped" },
					{ "time": 3, "x": 0.859, "y": 0.984 },
					{ "time": 3.7333, "x": 0.954, "y": 1.026 },
					{ "time": 4.4333, "x": 0.859, "y": 0.984 },
					{ "time": 5.1, "x": 0.954, "y": 1.026 },
					{ "time": 5.8333, "x": 0.859, "y": 0.984, "curve": "stepped" },
					{ "time": 6.1666, "x": 0.859, "y": 0.984 },
					{ "time": 6.2666, "x": 1.012, "y": 0.968 },
					{ "time": 6.3666, "x": 0.859, "y": 0.984 },
					{ "time": 6.4666, "x": 1.017, "y": 0.968 },
					{ "time": 6.5666, "x": 0.859, "y": 0.984 },
					{ "time": 6.6666, "x": 1.012, "y": 0.968 },
					{ "time": 6.7666, "x": 0.859, "y": 0.984 },
					{ "time": 6.8666, "x": 1.017, "y": 0.968 },
					{ "time": 6.9666, "x": 0.859, "y": 0.984, "curve": "stepped" },
					{ "time": 7.2666, "x": 0.859, "y": 0.984 },
					{ "time": 8, "x": 0.954, "y": 1.026 },
					{ "time": 8.7, "x": 0.859, "y": 0.984 },
					{ "time": 9.3666, "x": 0.954, "y": 1.026 },
					{ "time": 10.1, "x": 0.859, "y": 0.984, "curve": "stepped" },
					{ "time": 10.4333, "x": 0.859, "y": 0.984 },
					{ "time": 10.5333, "x": 1.012, "y": 0.968 },
					{ "time": 10.6333, "x": 0.859, "y": 0.984 },
					{ "time": 10.7333, "x": 1.017, "y": 0.968 },
					{ "time": 10.8333, "x": 0.859, "y": 0.984 },
					{ "time": 10.9333, "x": 1.012, "y": 0.968 },
					{ "time": 11.0333, "x": 0.859, "y": 0.984 },
					{ "time": 11.1333, "x": 1.017, "y": 0.968 },
					{ "time": 11.2333, "x": 0.859, "y": 0.984, "curve": "stepped" },
					{ "time": 11.5333, "x": 0.859, "y": 0.984 },
					{ "time": 12.2666, "x": 0.954, "y": 1.026 },
					{ "time": 12.9666, "x": 0.859, "y": 0.984 },
					{ "time": 13.6333, "x": 0.954, "y": 1.026 },
					{ "time": 14.3666, "x": 0.859, "y": 0.984, "curve": "stepped" },
					{ "time": 14.7, "x": 0.859, "y": 0.984 },
					{ "time": 14.8, "x": 1.012, "y": 0.968 },
					{ "time": 14.9, "x": 0.859, "y": 0.984 },
					{ "time": 15, "x": 1.017, "y": 0.968 },
					{ "time": 15.1, "x": 0.859, "y": 0.984 },
					{ "time": 15.2, "x": 1.012, "y": 0.968 },
					{ "time": 15.3, "x": 0.859, "y": 0.984 },
					{ "time": 15.4, "x": 1.017, "y": 0.968 },
					{ "time": 15.5, "x": 0.859, "y": 0.984 }
				]
			},
			"erduo": {
				"scale": [
					{ "time": 1.8333, "x": 1, "y": 1 },
					{ "time": 1.9333, "x": 0.834, "y": 0.941 },
					{ "time": 2.0333, "x": 1, "y": 1 },
					{ "time": 2.1333, "x": 0.834, "y": 0.941 },
					{ "time": 2.2333, "x": 1, "y": 1 },
					{ "time": 2.3333, "x": 0.834, "y": 0.941 },
					{ "time": 2.4333, "x": 1, "y": 1 },
					{ "time": 2.5333, "x": 0.834, "y": 0.941 },
					{ "time": 2.6333, "x": 1, "y": 1 },
					{ "time": 2.7333, "x": 0.834, "y": 0.941, "curve": "stepped" },
					{ "time": 3, "x": 0.834, "y": 0.941 },
					{ "time": 3.8, "x": 0.941, "y": 0.957 },
					{ "time": 4.5, "x": 0.834, "y": 0.941 },
					{ "time": 5.1666, "x": 0.941, "y": 0.957, "curve": "stepped" },
					{ "time": 5.8333, "x": 0.941, "y": 0.957, "curve": "stepped" },
					{ "time": 6.1666, "x": 0.941, "y": 0.957 },
					{ "time": 6.3333, "x": 1, "y": 1 },
					{ "time": 6.4, "x": 0.834, "y": 0.941 },
					{ "time": 6.5, "x": 1, "y": 1 },
					{ "time": 6.6, "x": 0.834, "y": 0.941 },
					{ "time": 6.7, "x": 1, "y": 1 },
					{ "time": 6.8, "x": 0.834, "y": 0.941 },
					{ "time": 6.9, "x": 1, "y": 1 },
					{ "time": 7, "x": 0.834, "y": 0.941 },
					{ "time": 8, "x": 0.941, "y": 0.957 },
					{ "time": 8.7, "x": 0.834, "y": 0.941 },
					{ "time": 9.6333, "x": 0.941, "y": 0.957 },
					{ "time": 10.3666, "x": 0.834, "y": 0.941 },
					{ "time": 10.5, "x": 0.941, "y": 0.957 },
					{ "time": 10.6333, "x": 0.834, "y": 0.941 },
					{ "time": 10.7333, "x": 1, "y": 1 },
					{ "time": 10.8333, "x": 0.834, "y": 0.941 },
					{ "time": 10.9333, "x": 1, "y": 1 },
					{ "time": 11.0333, "x": 0.834, "y": 0.941 },
					{ "time": 11.1333, "x": 1, "y": 1 },
					{ "time": 11.2333, "x": 0.834, "y": 0.941 },
					{ "time": 12.3, "x": 0.941, "y": 0.957 },
					{ "time": 13, "x": 0.834, "y": 0.941 },
					{ "time": 13.9333, "x": 0.941, "y": 0.957 },
					{ "time": 14.6666, "x": 0.834, "y": 0.941 },
					{ "time": 14.8, "x": 0.941, "y": 0.957 },
					{ "time": 14.9333, "x": 0.834, "y": 0.941 },
					{ "time": 15.0333, "x": 1, "y": 1 },
					{ "time": 15.1333, "x": 0.834, "y": 0.941 },
					{ "time": 15.2333, "x": 1, "y": 1 },
					{ "time": 15.3333, "x": 0.834, "y": 0.941 },
					{ "time": 15.4333, "x": 1, "y": 1 },
					{ "time": 15.5333, "x": 0.834, "y": 0.941 }
				]
			}
		}
	}
}
}