{
"skeleton": { "hash": "vEwreyvUvN6LwRScNLTfbcdvzbc", "spine": "2.1.07", "width": 173, "height": 167.62, "images": "" },
"bones": [
	{ "name": "root" },
	{ "name": "bone", "parent": "root", "length": 65.61, "x": 72.22, "y": 70.79, "rotation": 90 },
	{ "name": "bone2", "parent": "bone", "length": 47.66, "x": 49.21, "y": -79.85, "rotation": 0.45 }
],
"slots": [
	{ "name": "baoxiang", "bone": "bone", "attachment": "baoxiang" },
	{ "name": "dakai", "bone": "bone2", "attachment": "gaiziheshang" }
],
"skins": {
	"default": {
		"baoxiang": {
			"baoxiang": { "x": -2.79, "y": -23.77, "rotation": -90, "width": 173, "height": 130 }
		},
		"dakai": {
			"dakai": { "x": 15.61, "y": 6.74, "rotation": -90.45, "width": 148, "height": 77 },
			"gaiziheshang": { "x": -0.47, "y": 55.45, "rotation": -90.45, "width": 159, "height": 103 }
		}
	}
},
"animations": {
	"animation": {
		"slots": {
			"dakai": {
				"attachment": [
					{ "time": 0, "name": "gaiziheshang" },
					{ "time": 0.5666, "name": "dakai" }
				]
			}
		},
		"bones": {
			"bone": {
				"translate": [
					{ "time": 0, "x": 5.57, "y": 0 },
					{ "time": 0.0666, "x": 0, "y": 0 },
					{ "time": 0.1333, "x": 5.57, "y": 0 },
					{ "time": 0.2, "x": 0, "y": 0 },
					{ "time": 0.2666, "x": 5.57, "y": 0 },
					{ "time": 0.3333, "x": 0, "y": 0 }
				],
				"scale": [
					{ "time": 0, "x": 1, "y": 1 },
					{ "time": 0.0666, "x": 1.069, "y": 1.03 },
					{ "time": 0.1333, "x": 1, "y": 1 },
					{ "time": 0.2, "x": 1.069, "y": 1.03 },
					{ "time": 0.2666, "x": 1, "y": 1 },
					{ "time": 0.3333, "x": 1.069, "y": 1.03 }
				]
			},
			"bone2": {
				"rotate": [
					{ "time": 0.5666, "angle": -3.64 },
					{ "time": 0.6, "angle": -2.27 },
					{ "time": 0.6333, "angle": -3.64 },
					{ "time": 0.6666, "angle": -2.27 },
					{ "time": 0.7, "angle": -3.64, "curve": "stepped" },
					{ "time": 1.8333, "angle": -3.64 }
				],
				"translate": [
					{ "time": 0.5666, "x": -1.91, "y": 0, "curve": "stepped" },
					{ "time": 0.6, "x": -1.91, "y": 0, "curve": "stepped" },
					{ "time": 0.6333, "x": -1.91, "y": 0, "curve": "stepped" },
					{ "time": 0.6666, "x": -1.91, "y": 0, "curve": "stepped" },
					{ "time": 0.7, "x": -1.91, "y": 0, "curve": "stepped" },
					{ "time": 1.8333, "x": -1.91, "y": 0 }
				],
				"scale": [
					{ "time": 0.5666, "x": 0.793, "y": 1.031 },
					{ "time": 0.6, "x": 1.075, "y": 1.031 },
					{ "time": 0.6333, "x": 0.902, "y": 1.031 },
					{ "time": 0.6666, "x": 1.029, "y": 1.031 },
					{ "time": 0.7, "x": 0.923, "y": 1.031, "curve": "stepped" },
					{ "time": 1.8333, "x": 0.923, "y": 1.031 }
				]
			}
		}
	}
}
}