{
"skeleton": { "hash": "1y0gQ9CLJiRMQKm1XWPMwrAsN1E", "spine": "2.0.20", "width": 285, "height": 257.69 },
"bones": [
	{ "name": "root" },
	{ "name": "FOOT", "parent": "root", "length": 49.41, "x": 118.44, "y": 87.33, "scaleX": 1.14, "scaleY": 1.14, "rotation": -88.64 },
	{ "name": "bone", "parent": "root", "length": 133.09, "x": 123.65, "y": 152.61 },
	{ "name": "bone2", "parent": "root", "length": 18.85, "x": 151.22, "y": 26.1, "rotation": 6.78 },
	{ "name": "bone3", "parent": "root", "x": 125.03, "y": 173.56 },
	{ "name": "NOSE", "parent": "bone", "length": 30.9, "x": 71.4, "y": -7.69, "scaleX": 0.828, "rotation": -1.8 },
	{ "name": "bao", "parent": "bone", "length": 13.32, "x": 70.41, "y": 66.46, "rotation": 44.77 },
	{ "name": "eye", "parent": "bone", "length": 26.19, "x": 31.67, "y": 10.97, "rotation": 87.74 },
	{ "name": "moutch", "parent": "bone", "length": 14.69, "x": 2.35, "y": -48.7, "rotation": 85.94 },
	{ "name": "yanbi", "parent": "bone", "length": 23.18, "x": -0.23, "y": 26.53, "rotation": 94.05 }
],
"slots": [
	{ "name": "zhanglaoshi_0000s_0000s_0011_bao", "bone": "bao", "attachment": "zhanglaoshi_0000s_0000s_0011_bao" },
	{ "name": "zhanglaoshi_0000s_0000s_0013_foot", "bone": "FOOT", "attachment": "zhanglaoshi_0000s_0000s_0013_foot" },
	{ "name": "zhanglaoshi_0000s_0000s_0010_face", "bone": "bone", "attachment": "zhanglaoshi_0000s_0000s_0010_face" },
	{ "name": "zhanglaoshi_0000s_0000s_0009_shadow", "bone": "yanbi", "attachment": "zhanglaoshi_0000s_0000s_0009_shadow" },
	{ "name": "zhanglaoshi_0000s_0000s_0006_right-eye3", "bone": "yanbi", "attachment": "zhanglaoshi_0000s_0000s_0006_right-eye3" },
	{ "name": "zhanglaoshi_0000s_0000s_0003_felt-eye3", "bone": "yanbi", "attachment": "zhanglaoshi_0000s_0000s_0003_felt-eye3" },
	{ "name": "zhanglaoshi_0000s_0000s_0005_right-eye2", "bone": "yanbi", "attachment": "zhanglaoshi_0000s_0000s_0005_right-eye2" },
	{ "name": "zhanglaoshi_0000s_0000s_0002_felt-eye22", "bone": "yanbi", "attachment": "zhanglaoshi_0000s_0000s_0002_felt-eye2" },
	{ "name": "zhanglaoshi_0000s_0000s_0002_felt-eye2", "bone": "bone" },
	{ "name": "zhanglaoshi_0000s_0000s_0008_moutch1", "bone": "yanbi", "attachment": "zhanglaoshi_0000s_0000s_0008_moutch1" },
	{ "name": "zhanglaoshi_0000s_0000s_0007_moutch-2", "bone": "moutch", "attachment": "zhanglaoshi_0000s_0000s_0007_moutch-" },
	{ "name": "zhanglaoshi_0000s_0000s_0007_moutch-", "bone": "yanbi" },
	{ "name": "zhanglaoshi_0000s_0000s_0000_nose", "bone": "NOSE", "attachment": "zhanglaoshi_0000s_0000s_0000_nose" },
	{ "name": "zhanglaoshi_0000s_0000s_0001_left-eye1", "bone": "yanbi", "attachment": "zhanglaoshi_0000s_0000s_0001_left-eye1" },
	{ "name": "zhanglaoshi_0000s_0000s_0004_right-eye1", "bone": "yanbi", "attachment": "zhanglaoshi_0000s_0000s_0004_right-eye1" },
	{ "name": "zhanglaoshi_0000s_0000s_0012_foot1", "bone": "bone2", "attachment": "zhanglaoshi_0000s_0000s_0012_foot1" }
],
"skins": {
	"default": {
		"zhanglaoshi_0000s_0000s_0000_nose": {
			"zhanglaoshi_0000s_0000s_0000_nose": { "x": -72.49, "y": -26.7, "scaleX": 1.206, "rotation": 5.23, "width": 269, "height": 236 }
		},
		"zhanglaoshi_0000s_0000s_0001_left-eye1": {
			"zhanglaoshi_0000s_0000s_0001_left-eye1": { "x": -58.51, "y": -8.52, "rotation": -94.05, "width": 269, "height": 236 }
		},
		"zhanglaoshi_0000s_0000s_0002_felt-eye22": {
			"zhanglaoshi_0000s_0000s_0002_felt-eye2": { "x": -59.25, "y": -9.97, "rotation": -94.05, "width": 269, "height": 236 }
		},
		"zhanglaoshi_0000s_0000s_0003_felt-eye3": {
			"zhanglaoshi_0000s_0000s_0003_felt-eye3": { "x": -57.43, "y": -10.45, "rotation": -94.05, "width": 269, "height": 236 }
		},
		"zhanglaoshi_0000s_0000s_0004_right-eye1": {
			"zhanglaoshi_0000s_0000s_0004_right-eye1": { "x": -60.61, "y": -6.16, "rotation": -94.05, "width": 269, "height": 236 }
		},
		"zhanglaoshi_0000s_0000s_0005_right-eye2": {
			"zhanglaoshi_0000s_0000s_0005_right-eye2": { "x": -61.48, "y": -6.45, "rotation": -94.05, "width": 269, "height": 236 }
		},
		"zhanglaoshi_0000s_0000s_0006_right-eye3": {
			"zhanglaoshi_0000s_0000s_0006_right-eye3": { "x": -58.39, "y": -6.32, "rotation": -94.05, "width": 269, "height": 236 }
		},
		"zhanglaoshi_0000s_0000s_0007_moutch-2": {
			"zhanglaoshi_0000s_0000s_0007_moutch-": { "x": 10.45, "y": -5.61, "rotation": -85.94, "width": 269, "height": 236 }
		},
		"zhanglaoshi_0000s_0000s_0008_moutch1": {
			"zhanglaoshi_0000s_0000s_0008_moutch1": { "x": -64.42, "y": -4.04, "rotation": -94.05, "width": 269, "height": 236 }
		},
		"zhanglaoshi_0000s_0000s_0009_shadow": {
			"zhanglaoshi_0000s_0000s_0009_shadow": { "x": -63.65, "y": -5.82, "rotation": -94.05, "width": 269, "height": 236 }
		},
		"zhanglaoshi_0000s_0000s_0010_face": {
			"zhanglaoshi_0000s_0000s_0010_face": { "x": 13.9, "y": -25.13, "width": 269, "height": 236 }
		},
		"zhanglaoshi_0000s_0000s_0011_bao": {
			"zhanglaoshi_0000s_0000s_0011_bao": { "x": -109.43, "y": -35.13, "rotation": -44.77, "width": 269, "height": 236 }
		},
		"zhanglaoshi_0000s_0000s_0012_foot1": {
			"zhanglaoshi_0000s_0000s_0012_foot1": { "x": 5.16, "y": 95.73, "rotation": -6.78, "width": 269, "height": 236 }
		},
		"zhanglaoshi_0000s_0000s_0013_foot": {
			"zhanglaoshi_0000s_0000s_0013_foot": { "x": -38.2, "y": 20.11, "scaleX": 0.876, "scaleY": 0.876, "rotation": 88.64, "width": 269, "height": 236 }
		}
	}
},
"animations": {
	"animation": {
		"slots": {
			"zhanglaoshi_0000s_0000s_0001_left-eye1": {
				"attachment": [
					{ "time": 0.5, "name": null },
					{ "time": 0.9666, "name": "zhanglaoshi_0000s_0000s_0001_left-eye1" },
					{ "time": 1.9333, "name": null },
					{ "time": 2.1, "name": "zhanglaoshi_0000s_0000s_0001_left-eye1" }
				]
			},
			"zhanglaoshi_0000s_0000s_0002_felt-eye22": {
				"attachment": [
					{ "time": 0.5, "name": null },
					{ "time": 0.9666, "name": "zhanglaoshi_0000s_0000s_0002_felt-eye2" },
					{ "time": 1.9333, "name": null },
					{ "time": 2.1, "name": "zhanglaoshi_0000s_0000s_0002_felt-eye2" }
				]
			},
			"zhanglaoshi_0000s_0000s_0004_right-eye1": {
				"attachment": [
					{ "time": 0.5, "name": null },
					{ "time": 0.9666, "name": "zhanglaoshi_0000s_0000s_0004_right-eye1" },
					{ "time": 1.9333, "name": null },
					{ "time": 2.1, "name": "zhanglaoshi_0000s_0000s_0004_right-eye1" }
				]
			},
			"zhanglaoshi_0000s_0000s_0005_right-eye2": {
				"attachment": [
					{ "time": 0.5, "name": null },
					{ "time": 0.9666, "name": "zhanglaoshi_0000s_0000s_0005_right-eye2" },
					{ "time": 1.9333, "name": null },
					{ "time": 2.1, "name": "zhanglaoshi_0000s_0000s_0005_right-eye2" }
				]
			}
		},
		"bones": {
			"bone": {
				"rotate": [
					{ "time": 0, "angle": 0, "curve": "stepped" },
					{ "time": 0.2666, "angle": 0, "curve": "stepped" },
					{ "time": 2.3666, "angle": 0 }
				],
				"translate": [
					{ "time": 0, "x": 0, "y": 0, "curve": "stepped" },
					{ "time": 0.2666, "x": 0, "y": 0 },
					{ "time": 0.8666, "x": 0, "y": 12.83 },
					{ "time": 1.2, "x": 0, "y": 0 },
					{ "time": 1.9333, "x": 0, "y": 12.83 },
					{ "time": 2.3666, "x": 0, "y": 0 }
				],
				"scale": [
					{ "time": 0, "x": 1.049, "y": 1.008, "curve": "stepped" },
					{ "time": 0.2666, "x": 1.049, "y": 1.008 },
					{ "time": 0.8666, "x": 1.098, "y": 1.094 },
					{ "time": 1.2, "x": 1.049, "y": 1.008 },
					{ "time": 1.9333, "x": 1.098, "y": 1.094 },
					{ "time": 2.3666, "x": 1.049, "y": 1.008 }
				]
			},
			"FOOT": {
				"rotate": [
					{ "time": 0, "angle": 0, "curve": "stepped" },
					{ "time": 0.2333, "angle": 0 },
					{ "time": 0.8666, "angle": 2.06 },
					{ "time": 1.1666, "angle": 0 },
					{ "time": 1.9333, "angle": 2.06 },
					{ "time": 2.4333, "angle": 0 }
				],
				"translate": [
					{ "time": 0, "x": -4.13, "y": 0, "curve": "stepped" },
					{ "time": 0.2333, "x": -4.13, "y": 0 },
					{ "time": 0.8666, "x": 0, "y": 11.42 },
					{ "time": 1.1666, "x": -4.13, "y": 0 },
					{ "time": 1.9333, "x": 0, "y": 11.42 },
					{ "time": 2.4333, "x": -4.13, "y": 0 }
				],
				"scale": [
					{ "time": 0, "x": 1, "y": 1.058, "curve": "stepped" },
					{ "time": 0.2333, "x": 1, "y": 1.058 },
					{ "time": 0.8666, "x": 1.354, "y": 0.824 },
					{ "time": 1.1666, "x": 1, "y": 1.058 },
					{ "time": 1.9333, "x": 1.354, "y": 0.824 },
					{ "time": 2.4333, "x": 1, "y": 1.058 }
				]
			},
			"NOSE": {
				"translate": [
					{ "time": 0, "x": 0, "y": 0, "curve": "stepped" },
					{ "time": 2.6666, "x": 0, "y": 0 }
				],
				"scale": [
					{ "time": 0, "x": 1, "y": 1 },
					{ "time": 0.1666, "x": 1, "y": 1.781 },
					{ "time": 0.5, "x": 1, "y": 0.369, "curve": "stepped" },
					{ "time": 1.0666, "x": 1, "y": 0.369 },
					{ "time": 2.6666, "x": 1, "y": 1 }
				]
			},
			"bone2": {
				"rotate": [
					{ "time": 0, "angle": 0 },
					{ "time": 0.0666, "angle": 5.64 },
					{ "time": 0.1333, "angle": -1.04 },
					{ "time": 0.2, "angle": 7.31 },
					{ "time": 0.2666, "angle": -0.86, "curve": "stepped" },
					{ "time": 0.5, "angle": -0.86 },
					{ "time": 0.6, "angle": 9.89 },
					{ "time": 0.7, "angle": -0.33 },
					{ "time": 0.7333, "angle": 5.64 },
					{ "time": 0.8, "angle": -1.04 },
					{ "time": 0.8666, "angle": 7.31 },
					{ "time": 0.9333, "angle": -0.86, "curve": "stepped" },
					{ "time": 1.0666, "angle": -0.86 },
					{ "time": 1.1, "angle": 9.44 },
					{ "time": 1.2, "angle": -0.48 },
					{ "time": 1.3666, "angle": 8.01 },
					{ "time": 1.4333, "angle": -0.02 },
					{ "time": 1.6, "angle": 5.64 },
					{ "time": 1.6333, "angle": -1.04 },
					{ "time": 1.7, "angle": 7.31 },
					{ "time": 1.7333, "angle": -0.86 }
				],
				"translate": [
					{ "time": 0, "x": 17.11, "y": -8.05 }
				],
				"scale": [
					{ "time": 0, "x": 1, "y": 1 },
					{ "time": 0.0666, "x": 1.083, "y": 1 },
					{ "time": 0.1333, "x": 1.017, "y": 1 },
					{ "time": 0.2, "x": 1.09, "y": 1 },
					{ "time": 0.2666, "x": 1.026, "y": 1, "curve": "stepped" },
					{ "time": 0.5, "x": 1.026, "y": 1 },
					{ "time": 0.6, "x": 1.087, "y": 1 },
					{ "time": 0.7, "x": 1.003, "y": 1 },
					{ "time": 0.7333, "x": 1.083, "y": 1 },
					{ "time": 0.8, "x": 1.017, "y": 1 },
					{ "time": 0.8666, "x": 1.09, "y": 1 },
					{ "time": 0.9333, "x": 1.026, "y": 1, "curve": "stepped" },
					{ "time": 1.0666, "x": 1.026, "y": 1 },
					{ "time": 1.1, "x": 1.157, "y": 1 },
					{ "time": 1.2, "x": 1.007, "y": 1 },
					{ "time": 1.3666, "x": 1.11, "y": 1 },
					{ "time": 1.4333, "x": 1.031, "y": 1 },
					{ "time": 1.6, "x": 1.083, "y": 1 },
					{ "time": 1.6333, "x": 1.017, "y": 1 },
					{ "time": 1.7, "x": 1.09, "y": 1 },
					{ "time": 1.7333, "x": 1.026, "y": 1 }
				]
			},
			"bao": {
				"rotate": [
					{ "time": 0, "angle": 0, "curve": "stepped" },
					{ "time": 2.6, "angle": 0 }
				],
				"translate": [
					{ "time": 0, "x": -10.47, "y": -6.28 },
					{ "time": 1.3666, "x": -4.14, "y": 0.61 },
					{ "time": 2.6, "x": -10.47, "y": -6.28 }
				],
				"scale": [
					{ "time": 0, "x": 1, "y": 1 },
					{ "time": 1.3666, "x": 1.188, "y": 1.301 },
					{ "time": 2.6, "x": 1, "y": 1 }
				]
			},
			"eye": {
				"scale": [
					{ "time": 0, "x": 1, "y": 1 },
					{ "time": 0.9333, "x": 1.578, "y": 0.887, "curve": "stepped" },
					{ "time": 1.0666, "x": 1.578, "y": 0.887 },
					{ "time": 1.4666, "x": 1, "y": 1 }
				]
			},
			"moutch": {
				"rotate": [
					{ "time": 0, "angle": 0 },
					{ "time": 0.9, "angle": 4.44, "curve": "stepped" },
					{ "time": 1, "angle": 4.44 },
					{ "time": 1.5, "angle": 0 }
				],
				"translate": [
					{ "time": 0, "x": 0, "y": 0 },
					{ "time": 0.9, "x": 0, "y": 3.93, "curve": "stepped" },
					{ "time": 1, "x": 0, "y": 3.93 },
					{ "time": 1.5, "x": 0, "y": 0 }
				],
				"scale": [
					{ "time": 0, "x": 1, "y": 1 },
					{ "time": 0.9, "x": 0.154, "y": 0.641, "curve": "stepped" },
					{ "time": 1, "x": 0.154, "y": 0.641 },
					{ "time": 1.5, "x": 1, "y": 1 }
				]
			}
		}
	}
}
}