{
"skeleton": { "hash": "wJ1eI0BPcm2axqKRY038+OP5Uvg", "spine": "2.0.17", "width": 150.07, "height": 134.08 },
"bones": [
	{ "name": "root", "rotation": 0.03 },
	{ "name": "bone", "parent": "root" }
],
"slots": [
	{ "name": "coconut", "bone": "bone", "attachment": "light_coconut_up4" }
],
"skins": {
	"default": {
		"coconut": {
			"coconut_bumb1": { "width": 183, "height": 215 },
			"coconut_bumb2": { "width": 183, "height": 215 },
			"coconut_bumb3": { "width": 183, "height": 215 },
			"coconut_bumb4": { "width": 183, "height": 215 },
			"coconut_bumb5": { "width": 20, "height": 20 },
			"coconut_font": { "width": 115, "height": 114 },
			"light_coconut_back": { "width": 148, "height": 148 },
			"light_coconut_down1": { "width": 152, "height": 147 },
			"light_coconut_down2": { "width": 151, "height": 131 },
			"light_coconut_down3": { "width": 151, "height": 129 },
			"light_coconut_down4": { "width": 150, "height": 134 },
			"light_coconut_font": { "width": 150, "height": 149 },
			"light_coconut_left1": { "width": 142, "height": 147 },
			"light_coconut_left2": { "width": 128, "height": 147 },
			"light_coconut_left3": { "width": 127, "height": 147 },
			"light_coconut_left4": { "width": 132, "height": 148 },
			"light_coconut_right1": { "width": 144, "height": 149 },
			"light_coconut_right2": { "width": 128, "height": 147 },
			"light_coconut_right3": { "width": 127, "height": 147 },
			"light_coconut_right4": { "width": 132, "height": 148 },
			"light_coconut_up1": { "width": 150, "height": 145 },
			"light_coconut_up2": { "width": 150, "height": 129 },
			"light_coconut_up3": { "width": 150, "height": 127 },
			"light_coconut_up4": { "width": 150, "height": 134 }
		}
	}
},
"animations": {
	"down": {
		"slots": {
			"coconut": {
				"attachment": [
					{ "time": 0, "name": "coconut_font" },
					{ "time": 0.0333, "name": "light_coconut_down1" },
					{ "time": 0.0666, "name": "light_coconut_down2" },
					{ "time": 0.1, "name": "light_coconut_down3" },
					{ "time": 0.1333, "name": "light_coconut_down4" },
					{ "time": 0.1666, "name": "light_coconut_back" }
				]
			}
		}
	},
	"down_back": {
		"slots": {
			"coconut": {
				"attachment": [
					{ "time": 0, "name": "light_coconut_back" },
					{ "time": 0.0333, "name": "light_coconut_down4" },
					{ "time": 0.0666, "name": "light_coconut_down3" },
					{ "time": 0.1, "name": "light_coconut_down2" },
					{ "time": 0.1333, "name": "light_coconut_down1" },
					{ "time": 0.1666, "name": "coconut_font" }
				]
			}
		}
	},
	"left": {
		"slots": {
			"coconut": {
				"attachment": [
					{ "time": 0, "name": "coconut_font" },
					{ "time": 0.0333, "name": "light_coconut_left1" },
					{ "time": 0.0666, "name": "light_coconut_left2" },
					{ "time": 0.1, "name": "light_coconut_left3" },
					{ "time": 0.1333, "name": "light_coconut_left4" },
					{ "time": 0.1666, "name": "light_coconut_back" }
				]
			}
		}
	},
	"left_back": {
		"slots": {
			"coconut": {
				"attachment": [
					{ "time": 0, "name": "light_coconut_back" },
					{ "time": 0.0333, "name": "light_coconut_left4" },
					{ "time": 0.0666, "name": "light_coconut_left3" },
					{ "time": 0.1, "name": "light_coconut_left2" },
					{ "time": 0.1333, "name": "light_coconut_left1" },
					{ "time": 0.1666, "name": "coconut_font" }
				]
			}
		}
	},
	"normal": {
		"slots": {
			"coconut": {
				"attachment": [
					{ "time": 0, "name": "coconut_font" }
				]
			}
		}
	},
	"right": {
		"slots": {
			"coconut": {
				"attachment": [
					{ "time": 0, "name": "coconut_font" },
					{ "time": 0.0333, "name": "light_coconut_right1" },
					{ "time": 0.0666, "name": "light_coconut_right2" },
					{ "time": 0.1, "name": "light_coconut_right3" },
					{ "time": 0.1333, "name": "light_coconut_right4" },
					{ "time": 0.1666, "name": "light_coconut_back" }
				]
			}
		}
	},
	"right_back": {
		"slots": {
			"coconut": {
				"attachment": [
					{ "time": 0, "name": "light_coconut_back" },
					{ "time": 0.0333, "name": "light_coconut_right4" },
					{ "time": 0.0666, "name": "light_coconut_right3" },
					{ "time": 0.1, "name": "light_coconut_right2" },
					{ "time": 0.1333, "name": "light_coconut_right1" },
					{ "time": 0.1666, "name": "coconut_font" }
				]
			}
		}
	},
	"select": {
		"slots": {
			"coconut": {
				"attachment": [
					{ "time": 0, "name": "light_coconut_font" }
				]
			}
		}
	},
	"up": {
		"slots": {
			"coconut": {
				"attachment": [
					{ "time": 0, "name": "coconut_font" },
					{ "time": 0.0333, "name": "light_coconut_up1" },
					{ "time": 0.0666, "name": "light_coconut_up2" },
					{ "time": 0.1, "name": "light_coconut_up3" },
					{ "time": 0.1333, "name": "light_coconut_up4" },
					{ "time": 0.1666, "name": "light_coconut_back" }
				]
			}
		}
	},
	"up_back": {
		"slots": {
			"coconut": {
				"attachment": [
					{ "time": 0, "name": "light_coconut_back" },
					{ "time": 0.0333, "name": "light_coconut_up4" },
					{ "time": 0.0666, "name": "light_coconut_up3" },
					{ "time": 0.1, "name": "light_coconut_up2" },
					{ "time": 0.1333, "name": "light_coconut_up1" },
					{ "time": 0.1666, "name": "coconut_font" }
				]
			}
		}
	},
	"win": {
		"slots": {
			"coconut": {
				"attachment": [
					{ "time": 0, "name": "coconut_bumb1" },
					{ "time": 0.0333, "name": "coconut_bumb2" },
					{ "time": 0.0666, "name": "coconut_bumb3" },
					{ "time": 0.1, "name": "coconut_bumb4" },
					{ "time": 0.1333, "name": "coconut_bumb5" }
				]
			}
		}
	}
}
}