{
"skeleton": { "spine": "1.9.17", "hash": "f03Vhy7vzcIVhs631H5TDl9tGr8", "width": 27.63, "height": 43.4 },
"bones": [
	{ "name": "root" },
	{ "name": "bone", "parent": "root", "x": -444.06, "y": 124.35 }
],
"slots": [
	{ "name": "boat", "bone": "bone", "attachment": "boat" }
],
"skins": {
	"default": {
		"boat": {
			"boat": { "x": -2, "y": 2, "width": 23, "height": 41 }
		}
	}
},
"animations": {
	"animation": {
		"bones": {
			"bone": {
				"rotate": [
					{ "time": 0, "angle": -6.72, "curve": "stepped" },
					{ "time": 2.3333, "angle": -6.72 },
					{ "time": 35.3666, "angle": 3.6 },
					{ "time": 46.6333, "angle": 8.1 },
					{ "time": 55.3333, "angle": 19.39 }
				],
				"translate": [
					{ "time": 0, "x": 0, "y": 0 },
					{ "time": 2.3333, "x": 53.39, "y": -9.42 },
					{ "time": 7, "x": 131.92, "y": -24.08 },
					{ "time": 11.6666, "x": 214.63, "y": -35.59 },
					{ "time": 18.3666, "x": 325.61, "y": -46.06 },
					{ "time": 26.7, "x": 444.97, "y": -55.49 },
					{ "time": 35.3, "x": 591.55, "y": -63.86 },
					{ "time": 43.3333, "x": 720.33, "y": -63.86 },
					{ "time": 46.6333, "x": 751.74, "y": -62.72 },
					{ "time": 51.3666, "x": 796.45, "y": -59.66 },
					{ "time": 51.4, "x": 796.76, "y": -58.63 },
					{ "time": 55.3, "x": 854.35, "y": -49.2 },
					{ "time": 55.3333, "x": 854.76, "y": -52.18 },
					{ "time": 58.0666, "x": 888.9, "y": -47.11 }
				]
			}
		}
	}
}
}