{
"skeleton": { "hash": "qWea679VocrdKQA8FQe0ml+jQDE", "spine": "2.1.07", "width": 75.2, "height": 48.8, "images": "" },
"bones": [
	{ "name": "root", "scaleX": 0.4, "scaleY": 0.4 }
],
"slots": [
	{ "name": "button_audupus_normal_boss1", "bone": "root" },
	{ "name": "button_audupus_wright_boss2_an1", "bone": "root", "attachment": "button_audupus_wright_boss2_an2" },
	{ "name": "button_audupus_wrong_1_boss2", "bone": "root" }
],
"skins": {
	"default": {
		"button_audupus_wright_boss2_an1": {
			"button_audupus_wright_boss2_an1": { "y": 108.78, "width": 215, "height": 135 },
			"button_audupus_wright_boss2_an2": { "y": 108.78, "width": 188, "height": 122 },
			"button_audupus_wright_boss2_an3": { "y": 108.78, "width": 154, "height": 96 }
		}
	}
},
"animations": {
	"oudupus1": {
		"slots": {
			"button_audupus_wright_boss2_an1": {
				"attachment": [
					{ "time": 0, "name": null }
				]
			},
			"button_audupus_wrong_1_boss2": {
				"attachment": [
					{ "time": 0, "name": null }
				]
			}
		},
		"bones": {
			"root": {
				"translate": [
					{ "time": 0, "x": 0, "y": 0 }
				]
			}
		}
	},
	"oudupus2": {
		"slots": {
			"button_audupus_normal_boss1": {
				"attachment": [
					{ "time": 0.0666, "name": null }
				]
			},
			"button_audupus_wright_boss2_an1": {
				"attachment": [
					{ "time": 0, "name": null },
					{ "time": 0.0666, "name": "button_audupus_wright_boss2_an1" },
					{ "time": 0.1333, "name": "button_audupus_wright_boss2_an2" },
					{ "time": 0.2, "name": "button_audupus_wright_boss2_an3" },
					{ "time": 0.2666, "name": null }
				]
			},
			"button_audupus_wrong_1_boss2": {
				"attachment": [
					{ "time": 0, "name": null }
				]
			}
		},
		"bones": {
			"root": {
				"translate": [
					{ "time": 0, "x": 0, "y": 0 }
				],
				"scale": [
					{ "time": 0, "x": 1, "y": 1 }
				]
			}
		}
	},
	"oudupus3": {
		"slots": {
			"button_audupus_normal_boss1": {
				"attachment": [
					{ "time": 0, "name": null }
				]
			},
			"button_audupus_wright_boss2_an1": {
				"attachment": [
					{ "time": 0, "name": "button_audupus_wright_boss2_an1" },
					{ "time": 0.0666, "name": "button_audupus_wright_boss2_an2" },
					{ "time": 0.1666, "name": "button_audupus_wright_boss2_an3" },
					{ "time": 0.2333, "name": null }
				]
			},
			"button_audupus_wrong_1_boss2": {
				"color": [
					{ "time": 0.1666, "color": "ffffff00" }
				]
			}
		}
	}
}
}