{
"skeleton": {
	"hash": "t3/OU8/3fWQDEfTRZrRutr/h0lg",
	"spine": "2.0.22",
	"width": 2562.56,
	"height": 953.94,
	"images": "/Users/wangsiyu/Desktop/ /单词游戏/第一关/复习boss背景动画"
},
"bones": [
	{ "name": "root" },
	{ "name": "bone", "parent": "root", "x": 264.63, "y": 214.89 },
	{ "name": "bone2", "parent": "root", "x": -1296.44, "y": -23.82 },
	{ "name": "bone3", "parent": "root", "x": 1300.14, "y": -302.68 },
	{ "name": "bone4", "parent": "root", "length": 96.46, "x": 232.61, "y": -572.37, "rotation": 90.45 },
	{ "name": "bone5", "parent": "root", "length": 61.83, "x": 90.42, "y": -545.39, "rotation": 102 },
	{ "name": "bone6", "parent": "root", "length": 83.43, "x": -349.91, "y": -575.96, "rotation": 74.59 },
	{ "name": "bone7", "parent": "root", "x": -215.98, "y": 208.46 },
	{ "name": "bone8", "parent": "root", "x": -1324.12, "y": 208.68 }
],
"slots": [
	{ "name": "paopaopaop_fuxiboss_1", "bone": "root", "attachment": "paopaopaop_fuxiboss_1" },
	{ "name": "paopaopaop_fuxiboss_3", "bone": "root", "attachment": "paopaopaop_fuxiboss_3" },
	{ "name": "paopaopaop_fuxiboss_2", "bone": "root", "attachment": "paopaopaop_fuxiboss_2" },
	{ "name": "fuxiboss_bj2", "bone": "root", "attachment": "fuxiboss_bj2" },
	{ "name": "fuxiboss_bj1", "bone": "root", "attachment": "fuxiboss_bj1" },
	{ "name": "fuxiboss_diyiguan_weave7_222_3332", "bone": "bone8", "attachment": "fuxiboss_diyiguan_weave7_222_333" },
	{ "name": "fuxiboss_diyiguan_weave7_222_2222", "bone": "bone8", "attachment": "fuxiboss_diyiguan_weave7_222_222" },
	{ "name": "fuxiboss_diyiguan_weave7_222_222", "bone": "bone8", "attachment": "fuxiboss_diyiguan_weave7_222_222" },
	{ "name": "fuxiboss_diyiguan_weave7_222_333", "bone": "bone8", "attachment": "fuxiboss_diyiguan_weave7_222_333" },
	{ "name": "unmove_weave_1", "bone": "root", "attachment": "unmove_weave_1" },
	{ "name": "unmove_weave_2", "bone": "root", "attachment": "unmove_weave_2" },
	{ "name": "fuxiboss_diyiguan_boat", "bone": "bone7", "attachment": "fuxiboss_diyiguan_boat" },
	{ "name": "fuxiboss_diyiguan_weave1_zuo", "bone": "bone", "attachment": "fuxiboss_diyiguan_weave1_zuo" },
	{ "name": "fuxiboss_diyiguan_weave1_you", "bone": "bone", "attachment": "fuxiboss_diyiguan_weave1_you" },
	{ "name": "fuxiboss_diyiguan_weave2_zuo", "bone": "bone2", "attachment": "fuxiboss_diyiguan_weave2_zuo" },
	{ "name": "fuxiboss_diyiguan_weave2_you", "bone": "bone2", "attachment": "fuxiboss_diyiguan_weave2_you" },
	{ "name": "fuxiboss_diyiguan_weave3_you", "bone": "bone3", "attachment": "fuxiboss_diyiguan_weave3_you" },
	{ "name": "fuxiboss_diyiguan_weave3——zuo", "bone": "bone3", "attachment": "fuxiboss_diyiguan_weave3——zuo" },
	{ "name": "fuxiboss_diyiguan_grass3", "bone": "bone5", "attachment": "fuxiboss_diyiguan_grass3" },
	{ "name": "fuxiboss_diyiguan_sand_zuo", "bone": "root", "attachment": "fuxiboss_diyiguan_sand_zuo" },
	{ "name": "fuxiboss_diyiguan_sand_you", "bone": "root", "attachment": "fuxiboss_diyiguan_sand_you" },
	{ "name": "fuxiboss_diyiguan_grass1", "bone": "bone4", "attachment": "fuxiboss_diyiguan_grass1" },
	{ "name": "fuxiboss_diyiguan_grass2", "bone": "bone6", "attachment": "fuxiboss_diyiguan_grass2" },
	{ "name": "fuxiboss_diyiguan_weave1_you2", "bone": "bone", "attachment": "fuxiboss_diyiguan_weave1_you" },
	{ "name": "fuxiboss_diyiguan_weave1_zuo2", "bone": "bone", "attachment": "fuxiboss_diyiguan_weave1_zuo" },
	{ "name": "fuxiboss_diyiguan_weave2_you2", "bone": "bone2", "attachment": "fuxiboss_diyiguan_weave2_you" },
	{ "name": "fuxiboss_diyiguan_weave2_zuo2", "bone": "bone2", "attachment": "fuxiboss_diyiguan_weave2_zuo" },
	{ "name": "fuxiboss_diyiguan_weave3_you2", "bone": "bone3", "attachment": "fuxiboss_diyiguan_weave3_you" },
	{ "name": "fuxiboss_diyiguan_weave3——zuo2", "bone": "bone3", "attachment": "fuxiboss_diyiguan_weave3——zuo" }
],
"skins": {
	"default": {
		"fuxiboss_bj1": {
			"fuxiboss_bj1": { "x": -170.63, "y": 283.25, "width": 512, "height": 179 }
		},
		"fuxiboss_bj2": {
			"fuxiboss_bj2": { "x": 255.96, "y": 281.32, "width": 342, "height": 204 }
		},
		"fuxiboss_diyiguan_boat": {
			"fuxiboss_diyiguan_boat": { "x": 5.62, "y": 41.67, "width": 135, "height": 117 }
		},
		"fuxiboss_diyiguan_grass1": {
			"fuxiboss_diyiguan_grass1": { "x": 51.83, "y": 2.2, "rotation": -90.45, "width": 78, "height": 98 }
		},
		"fuxiboss_diyiguan_grass2": {
			"fuxiboss_diyiguan_grass2": { "x": 44.38, "y": 5.85, "rotation": -74.59, "width": 77, "height": 78 }
		},
		"fuxiboss_diyiguan_grass3": {
			"fuxiboss_diyiguan_grass3": { "x": 32.82, "y": -2.55, "rotation": -102, "width": 51, "height": 57 }
		},
		"fuxiboss_diyiguan_sand_you": {
			"fuxiboss_diyiguan_sand_you": { "x": 255, "y": -520.93, "width": 342, "height": 94 }
		},
		"fuxiboss_diyiguan_sand_zuo": {
			"fuxiboss_diyiguan_sand_zuo": { "x": -170.95, "y": -521.1, "width": 512, "height": 94 }
		},
		"fuxiboss_diyiguan_weave1_you": {
			"fuxiboss_diyiguan_weave1_you": { "x": -8.58, "y": 5.1, "width": 342, "height": 82 }
		},
		"fuxiboss_diyiguan_weave1_you2": {
			"fuxiboss_diyiguan_weave1_you": { "x": 844.99, "y": 5.41, "width": 342, "height": 82 }
		},
		"fuxiboss_diyiguan_weave1_zuo": {
			"fuxiboss_diyiguan_weave1_zuo": { "x": -435.67, "y": 5.03, "width": 512, "height": 82 }
		},
		"fuxiboss_diyiguan_weave1_zuo2": {
			"fuxiboss_diyiguan_weave1_zuo": { "x": 418.12, "y": 5.28, "width": 512, "height": 82 }
		},
		"fuxiboss_diyiguan_weave2_you": {
			"fuxiboss_diyiguan_weave2_you": { "x": 1552.04, "y": 1.61, "width": 343, "height": 26 }
		},
		"fuxiboss_diyiguan_weave2_you2": {
			"fuxiboss_diyiguan_weave2_you": { "x": 698.22, "y": 2.59, "width": 343, "height": 26 }
		},
		"fuxiboss_diyiguan_weave2_zuo": {
			"fuxiboss_diyiguan_weave2_zuo": { "x": 1125.95, "y": 1.64, "width": 512, "height": 26 }
		},
		"fuxiboss_diyiguan_weave2_zuo2": {
			"fuxiboss_diyiguan_weave2_zuo": { "x": 270.81, "y": 2.59, "width": 512, "height": 26 }
		},
		"fuxiboss_diyiguan_weave3_you": {
			"fuxiboss_diyiguan_weave3_you": { "x": -1045.25, "y": 7.74, "width": 343, "height": 40 }
		},
		"fuxiboss_diyiguan_weave3_you2": {
			"fuxiboss_diyiguan_weave3_you": { "x": -190.71, "y": 7.85, "width": 343, "height": 40 }
		},
		"fuxiboss_diyiguan_weave3——zuo": {
			"fuxiboss_diyiguan_weave3——zuo": { "x": -1471.26, "y": 7.74, "width": 512, "height": 40 }
		},
		"fuxiboss_diyiguan_weave3——zuo2": {
			"fuxiboss_diyiguan_weave3——zuo": { "x": -618.13, "y": 7.88, "width": 512, "height": 40 }
		},
		"fuxiboss_diyiguan_weave7_222_222": {
			"fuxiboss_diyiguan_weave7_222_222": { "x": 1152.97, "y": 26.51, "width": 512, "height": 100 }
		},
		"fuxiboss_diyiguan_weave7_222_2222": {
			"fuxiboss_diyiguan_weave7_222_222": { "x": 299.65, "y": 26.64, "width": 512, "height": 100 }
		},
		"fuxiboss_diyiguan_weave7_222_333": {
			"fuxiboss_diyiguan_weave7_222_333": { "x": 1578.34, "y": 26.5, "width": 342, "height": 100 }
		},
		"fuxiboss_diyiguan_weave7_222_3332": {
			"fuxiboss_diyiguan_weave7_222_333": { "x": 726.5, "y": 26.8, "width": 342, "height": 100 }
		},
		"paopaopaop_fuxiboss_1": {
			"paopaopaop_fuxiboss_1": { "x": -64.18, "y": -275.52, "width": 108, "height": 49 }
		},
		"paopaopaop_fuxiboss_2": {
			"paopaopaop_fuxiboss_2": { "x": -258.04, "y": 15.49, "width": 74, "height": 69 }
		},
		"paopaopaop_fuxiboss_3": {
			"paopaopaop_fuxiboss_3": { "x": 248.03, "y": 35.16, "width": 42, "height": 111 }
		},
		"unmove_weave_1": {
			"unmove_weave_1": { "x": -170.6, "y": 230.35, "width": 512, "height": 67 }
		},
		"unmove_weave_2": {
			"unmove_weave_2": { "x": 255.69, "y": 231.14, "width": 342, "height": 67 }
		}
	}
},
"animations": {
	"animation": {
		"bones": {
			"bone": {
				"translate": [
					{ "time": 0, "x": 0, "y": 0 },
					{ "time": 6.6666, "x": -853.38, "y": 0 }
				]
			},
			"bone2": {
				"translate": [
					{ "time": 0, "x": 0, "y": 0 },
					{ "time": 6.6666, "x": 854.81, "y": 0 }
				]
			},
			"bone3": {
				"translate": [
					{ "time": 0, "x": 0, "y": 0 },
					{ "time": 6.6666, "x": -853.88, "y": 0 }
				]
			},
			"bone4": {
				"rotate": [
					{ "time": 0, "angle": 0 },
					{ "time": 0.8666, "angle": 13.68 },
					{ "time": 2.3666, "angle": -9.47 },
					{ "time": 4.0333, "angle": 19.67 },
					{ "time": 5.7333, "angle": -9.47 },
					{ "time": 6.6666, "angle": 0 }
				]
			},
			"bone5": {
				"rotate": [
					{ "time": 0, "angle": 0 },
					{ "time": 1.7, "angle": 14.96 },
					{ "time": 3.2666, "angle": 0 },
					{ "time": 4.9666, "angle": 14.96 },
					{ "time": 6.6666, "angle": 0 }
				]
			},
			"bone6": {
				"rotate": [
					{ "time": 0, "angle": 0 },
					{ "time": 1.6666, "angle": -15.49 },
					{ "time": 3.3666, "angle": 0 },
					{ "time": 5, "angle": -15.49 },
					{ "time": 6.6666, "angle": 0 }
				]
			},
			"bone7": {
				"rotate": [
					{ "time": 0, "angle": 0 },
					{ "time": 0.8666, "angle": 23.39 },
					{ "time": 1.4, "angle": 0.88 },
					{ "time": 1.5666, "angle": -8.31 },
					{ "time": 2.1333, "angle": 8.74 },
					{ "time": 3, "angle": 22.17 },
					{ "time": 3.9, "angle": -4.75 },
					{ "time": 4.4666, "angle": -16.19 },
					{ "time": 4.8086, "angle": 0 },
					{ "time": 5.1666, "angle": 15.38 },
					{ "time": 5.7, "angle": 23.26 },
					{ "time": 6.2333, "angle": -9.72 },
					{ "time": 6.6666, "angle": 0 }
				],
				"translate": [
					{ "time": 0, "x": 0, "y": 0 },
					{ "time": 0.8666, "x": -18.81, "y": 10.08 },
					{ "time": 1.4, "x": -4.03, "y": 14.82 },
					{ "time": 1.5666, "x": -4.1, "y": 8.87 },
					{ "time": 2.1666, "x": -4.35, "y": -5.54 },
					{ "time": 3, "x": -4.7, "y": 16.8 },
					{ "time": 3.9, "x": -3.35, "y": 32.25 },
					{ "time": 4.4666, "x": 3.36, "y": 10.75 },
					{ "time": 4.8086, "x": 0, "y": 0 },
					{ "time": 4.9, "x": 3.36, "y": -4.62 },
					{ "time": 5.1666, "x": 3.36, "y": 0.67 },
					{ "time": 5.7, "x": 2.01, "y": 12.76 },
					{ "time": 5.9333, "x": 2.6, "y": 14.45 },
					{ "time": 6.2333, "x": 3.36, "y": 2.68 },
					{ "time": 6.5, "x": 2.32, "y": -7.27 },
					{ "time": 6.6666, "x": 0, "y": 0 }
				],
				"scale": [
					{ "time": 0, "x": 1, "y": 1, "curve": "stepped" },
					{ "time": 4.8086, "x": 1, "y": 1, "curve": "stepped" },
					{ "time": 6.6666, "x": 1, "y": 1 }
				]
			},
			"bone8": {
				"translate": [
					{ "time": 0, "x": 0, "y": 0 },
					{ "time": 6.6666, "x": 853.39, "y": 0 }
				],
				"scale": [
					{ "time": 6.6666, "x": 1, "y": 1 }
				]
			}
		}
	}
}
}