{
"skeleton": { "spine": "1.9.17", "hash": "6PufFBZYviBCff0kbCa9x+FC/Kw", "width": 599, "height": 137 },
"bones": [
	{ "name": "root" },
	{ "name": "bone", "parent": "root", "x": 4.18, "y": -96.85 }
],
"slots": [
	{ "name": "readygo_guanqia1_di", "bone": "bone", "attachment": "readygo_guanqia1_di" },
	{ "name": "readygo_diyiguan_rea", "bone": "bone", "attachment": "readygo_diyiguan_rea" },
	{ "name": "readygo_diyiguan_go", "bone": "bone", "attachment": "readygo_diyiguan_go" }
],
"skins": {
	"default": {
		"readygo_diyiguan_go": {
			"readygo_diyiguan_go": { "x": -4.18, "y": 96.85, "width": 194, "height": 70 }
		},
		"readygo_diyiguan_rea": {
			"readygo_diyiguan_rea": { "x": -1.18, "y": 100.85, "width": 299, "height": 68 }
		},
		"readygo_guanqia1_di": {
			"readygo_guanqia1_di": { "x": -4.18, "y": 96.85, "width": 599, "height": 137 }
		}
	}
},
"animations": {
	"animation": {
		"slots": {
			"readygo_diyiguan_go": {
				"attachment": [
					{ "time": 0, "name": null },
					{ "time": 0.8, "name": "readygo_diyiguan_go" }
				]
			},
			"readygo_diyiguan_rea": {
				"attachment": [
					{ "time": 0, "name": "readygo_diyiguan_rea" },
					{ "time": 0.8, "name": null }
				]
			}
		},
		"bones": {
			"bone": {
				"translate": [
					{ "time": 0, "x": 0, "y": 643.59 },
					{ "time": 0.1666, "x": 0, "y": -9.37 },
					{ "time": 0.2333, "x": 0, "y": 36.72, "curve": "stepped" },
					{ "time": 0.8, "x": 0, "y": 36.72, "curve": "stepped" },
					{ "time": 1, "x": 0, "y": 36.72 },
					{ "time": 1.2, "x": 0, "y": 651.47, "curve": "stepped" },
					{ "time": 1.5666, "x": 0, "y": 651.47 }
				],
				"scale": [
					{ "time": 0.8, "x": 1, "y": 1 },
					{ "time": 0.9, "x": 1.149, "y": 1.149 },
					{ "time": 1, "x": 1, "y": 1 }
				]
			}
		}
	}
}
}