{
"skeleton": {
	"hash": "YPXKgVsR/XNjKsfQ1XnaFTcCocA",
	"spine": "2.0.22",
	"width": 182.42,
	"height": 150.51,
	"images": "/Users/wangsiyu/Desktop/ /单词游戏/体力值动画"
},
"bones": [
	{ "name": "root" },
	{ "name": "bone", "parent": "root", "length": 86.02, "x": 1.5, "y": -52, "rotation": 90.9 },
	{ "name": "bone2", "parent": "root", "x": 79.49, "y": 53 },
	{ "name": "bone3", "parent": "root", "x": 101.5, "y": 62 }
],
"slots": [
	{ "name": "tilizhi_3", "bone": "bone", "attachment": "tilizhi_3" },
	{ "name": "tilizhi_4", "bone": "bone2", "attachment": "tilizhi_4" },
	{ "name": "tilizhi_42", "bone": "bone3", "attachment": "tilizhi_4" }
],
"skins": {
	"default": {
		"tilizhi_3": {
			"tilizhi_3": { "x": 52.01, "y": 0.67, "rotation": -90.9, "width": 129, "height": 111 }
		},
		"tilizhi_4": {
			"tilizhi_4": { "x": -1.99, "width": 26, "height": 25 }
		},
		"tilizhi_42": {
			"tilizhi_4": { "x": -27.99, "y": -11.99, "width": 26, "height": 25 }
		}
	}
},
"animations": {
	"animation": {
		"slots": {
			"tilizhi_4": {
				"color": [
					{ "time": 0, "color": "ffffffff" },
					{ "time": 1.4666, "color": "ffffff00" }
				]
			},
			"tilizhi_42": {
				"color": [
					{ "time": 0, "color": "ffffff00", "curve": "stepped" },
					{ "time": 1.7333, "color": "ffffff00" },
					{ "time": 1.7666, "color": "ffffffff" },
					{ "time": 3.2666, "color": "ffffff00" }
				]
			}
		},
		"bones": {
			"bone": {
				"scale": [
					{ "time": 0, "x": 1, "y": 1 },
					{ "time": 1.6666, "x": 1.122, "y": 1.122 },
					{ "time": 3.3333, "x": 1, "y": 1 }
				]
			},
			"bone2": {
				"translate": [
					{ "time": 0, "x": -36.99, "y": -20 },
					{ "time": 1.4666, "x": 30, "y": 33.99 }
				],
				"scale": [
					{ "time": 0, "x": 1.164, "y": 1.164 },
					{ "time": 1.4666, "x": 0.633, "y": 0.633 }
				]
			},
			"bone3": {
				"translate": [
					{ "time": 0, "x": -10, "y": -3 },
					{ "time": 1.7333, "x": -44, "y": -27 },
					{ "time": 1.7666, "x": -22.99, "y": -9 },
					{ "time": 3.2666, "x": 30, "y": 33.99 }
				],
				"scale": [
					{ "time": 0, "x": 1.164, "y": 1.164, "curve": "stepped" },
					{ "time": 1.7333, "x": 1.164, "y": 1.164, "curve": "stepped" },
					{ "time": 1.7666, "x": 1.164, "y": 1.164 },
					{ "time": 3.2666, "x": 0.633, "y": 0.633 }
				]
			}
		}
	}
}
}